Position, Time(s)
X=-230.030 Y=20.156 Z=166.138,0.008333
X=-230.067 Y=19.988 Z=166.166,0.4
X=-230.148 Y=19.719 Z=166.296,0.013646
X=-230.192 Y=19.707 Z=166.303,0.034864
X=-230.225 Y=19.713 Z=166.315,0.032108
X=-230.250 Y=19.762 Z=166.329,0.039374
X=-230.264 Y=19.812 Z=166.349,0.039791
X=-230.385 Y=19.935 Z=166.388,0.038067
X=-230.433 Y=20.062 Z=166.371,0.04746
X=-230.507 Y=20.190 Z=166.378,0.054215
X=-230.569 Y=20.280 Z=166.404,0.056596
X=-230.555 Y=20.347 Z=166.412,0.055799
X=-230.587 Y=20.382 Z=166.411,0.055231
X=-230.594 Y=20.438 Z=166.412,0.055902
X=-230.550 Y=20.501 Z=166.411,0.055149
X=-230.478 Y=20.571 Z=166.406,0.055456
X=-230.397 Y=20.623 Z=166.364,0.055758
X=-230.309 Y=20.686 Z=166.281,0.05426
X=-230.253 Y=20.759 Z=166.214,0.056495
X=-230.111 Y=20.846 Z=166.203,0.055083
X=-229.919 Y=21.069 Z=166.158,0.055363
X=-229.768 Y=21.361 Z=166.092,0.056833
X=-229.583 Y=21.689 Z=166.002,0.054028
X=-229.351 Y=22.111 Z=165.869,0.056725
X=-229.193 Y=22.680 Z=165.814,0.054521
X=-229.168 Y=22.933 Z=165.816,0.055702
X=-229.124 Y=23.653 Z=165.750,0.030184
X=-229.121 Y=24.438 Z=165.739,0.03723
X=-229.163 Y=25.263 Z=165.714,0.042667
X=-229.255 Y=26.150 Z=165.689,0.04358
X=-229.483 Y=27.027 Z=165.646,0.044123
X=-229.792 Y=27.943 Z=165.613,0.045363
X=-230.232 Y=28.918 Z=165.585,0.044142
X=-230.800 Y=29.846 Z=165.570,0.045024
X=-231.380 Y=30.716 Z=165.526,0.044634
X=-231.966 Y=31.402 Z=165.494,0.046745
X=-232.487 Y=31.941 Z=165.432,0.04036
X=-232.952 Y=32.396 Z=165.400,0.04443
X=-233.299 Y=32.771 Z=165.372,0.045099
X=-233.582 Y=33.037 Z=165.383,0.045415
X=-233.814 Y=33.310 Z=165.391,0.044995
X=-234.015 Y=33.587 Z=165.351,0.045236
X=-234.165 Y=33.768 Z=165.344,0.042578
X=-234.264 Y=33.941 Z=165.307,0.043884
X=-234.320 Y=34.107 Z=165.327,0.044138
X=-234.366 Y=34.248 Z=165.311,0.044621
X=-234.410 Y=34.330 Z=165.351,0.044151
X=-234.460 Y=34.421 Z=165.395,0.043226
X=-234.479 Y=34.499 Z=165.420,0.045522
X=-234.490 Y=34.507 Z=165.464,0.039617
X=-234.432 Y=34.471 Z=165.479,0.045352
X=-234.360 Y=34.427 Z=165.497,0.044811
X=-234.313 Y=34.383 Z=165.522,0.043867
X=-234.268 Y=34.362 Z=165.517,0.045366
X=-234.214 Y=34.292 Z=165.542,0.043402
X=-234.180 Y=34.280 Z=165.566,0.045663
X=-234.145 Y=34.223 Z=165.595,0.042545
X=-234.101 Y=34.171 Z=165.613,0.045
X=-234.080 Y=34.133 Z=165.617,0.045495
X=-234.062 Y=34.066 Z=165.625,0.043474
X=-234.083 Y=33.980 Z=165.646,0.043808
X=-234.057 Y=33.889 Z=165.680,0.044785
X=-234.049 Y=33.806 Z=165.722,0.044886
X=-233.922 Y=33.729 Z=165.874,0.044727
X=-233.711 Y=33.593 Z=165.987,0.044324
X=-233.468 Y=33.426 Z=166.184,0.044003
X=-233.189 Y=33.215 Z=166.286,0.044444
X=-232.891 Y=33.053 Z=166.397,0.044796
X=-232.637 Y=32.905 Z=166.456,0.044848
X=-232.442 Y=32.761 Z=166.476,0.043827
X=-232.316 Y=32.692 Z=166.503,0.045193
X=-232.247 Y=32.643 Z=166.506,0.040808
X=-232.165 Y=32.645 Z=166.541,0.044422
X=-232.037 Y=32.594 Z=166.581,0.043439
X=-231.901 Y=32.550 Z=166.637,0.046602
X=-231.686 Y=32.467 Z=166.674,0.043351
X=-231.450 Y=32.392 Z=166.699,0.043897
X=-231.094 Y=32.222 Z=166.707,0.044644
X=-230.715 Y=32.003 Z=166.729,0.045195
X=-230.300 Y=31.725 Z=166.785,0.043629
X=-229.813 Y=31.343 Z=166.758,0.044673
X=-229.136 Y=30.698 Z=166.596,0.043729
X=-228.307 Y=29.783 Z=166.304,0.045708
X=-227.525 Y=28.735 Z=165.978,0.04382
X=-227.027 Y=27.827 Z=165.852,0.043577
X=-226.737 Y=27.085 Z=165.776,0.046061
X=-226.678 Y=26.562 Z=165.684,0.043159
X=-226.690 Y=26.206 Z=165.600,0.043669
X=-226.689 Y=25.954 Z=165.497,0.045722
X=-226.684 Y=25.789 Z=165.477,0.04291
X=-226.706 Y=25.722 Z=165.428,0.044673
X=-226.719 Y=25.618 Z=165.326,0.044968
X=-226.756 Y=25.511 Z=165.258,0.044511
X=-226.781 Y=25.369 Z=165.223,0.043599
X=-226.775 Y=25.192 Z=165.181,0.042066
X=-226.795 Y=25.059 Z=165.159,0.044361
X=-226.760 Y=24.930 Z=165.075,0.04472
X=-226.711 Y=24.820 Z=164.945,0.043698
X=-226.671 Y=24.699 Z=164.888,0.044437
X=-226.686 Y=24.586 Z=164.824,0.044251
X=-226.671 Y=24.530 Z=164.806,0.045069
X=-226.685 Y=24.477 Z=164.775,0.045138
X=-226.722 Y=24.433 Z=164.790,0.043326
X=-226.725 Y=24.392 Z=164.821,0.044469
X=-226.798 Y=24.345 Z=164.850,0.044591
X=-226.850 Y=24.283 Z=164.888,0.043885
X=-226.859 Y=24.199 Z=164.934,0.045136
X=-226.901 Y=24.087 Z=164.959,0.044344
X=-226.933 Y=23.964 Z=164.970,0.044663
X=-226.964 Y=23.806 Z=164.978,0.044236
X=-226.991 Y=23.674 Z=165.005,0.04422
X=-227.012 Y=23.569 Z=165.022,0.045061
X=-227.013 Y=23.475 Z=165.049,0.043515
X=-227.043 Y=23.449 Z=165.098,0.044654
X=-227.067 Y=23.460 Z=165.116,0.044574
X=-227.036 Y=23.507 Z=165.137,0.045245
X=-227.016 Y=23.564 Z=165.156,0.043823
X=-226.975 Y=23.673 Z=165.164,0.039358
X=-226.960 Y=23.816 Z=165.186,0.044204
X=-226.945 Y=23.920 Z=165.239,0.047259
X=-226.978 Y=23.982 Z=165.262,0.043179
X=-226.936 Y=24.013 Z=165.289,0.043837
X=-226.899 Y=24.015 Z=165.293,0.044843
X=-226.869 Y=23.984 Z=165.323,0.044117
X=-226.786 Y=23.944 Z=165.308,0.045074
X=-226.680 Y=23.862 Z=165.327,0.042624
X=-226.567 Y=23.752 Z=165.356,0.045025
X=-226.447 Y=23.596 Z=165.382,0.04451
X=-226.259 Y=23.384 Z=165.430,0.045179
X=-225.987 Y=23.172 Z=165.421,0.044208
X=-225.678 Y=22.821 Z=165.472,0.044628
X=-225.352 Y=22.394 Z=165.507,0.044114
X=-224.871 Y=21.848 Z=165.547,0.043979
X=-224.424 Y=21.276 Z=165.570,0.045259
X=-223.922 Y=20.563 Z=165.452,0.043581
X=-223.403 Y=19.662 Z=165.390,0.047115
X=-222.803 Y=18.494 Z=165.458,0.042055
X=-222.131 Y=16.895 Z=165.381,0.04405
X=-221.556 Y=15.412 Z=164.381,0.045319
X=-220.572 Y=14.217 Z=164.180,0.040907
X=-219.589 Y=13.362 Z=164.231,0.044558
X=-218.494 Y=12.937 Z=164.442,0.045767
X=-216.785 Y=12.715 Z=164.521,0.045019
X=-214.558 Y=12.798 Z=164.411,0.043058
X=-211.904 Y=13.127 Z=164.082,0.043067
X=-208.934 Y=13.779 Z=163.704,0.043907
X=-205.751 Y=14.767 Z=163.488,0.045486
X=-202.380 Y=16.000 Z=163.366,0.045584
X=-198.838 Y=17.520 Z=163.334,0.042921
X=-195.126 Y=19.003 Z=164.050,0.045209
X=-191.594 Y=20.298 Z=165.023,0.045616
X=-188.242 Y=21.175 Z=166.380,0.043512
X=-185.213 Y=21.525 Z=167.588,0.044179
X=-182.591 Y=21.698 Z=168.256,0.045172
X=-180.250 Y=21.868 Z=168.578,0.045124
X=-178.102 Y=21.961 Z=168.786,0.043484
X=-175.994 Y=21.965 Z=168.993,0.043265
X=-173.993 Y=21.895 Z=169.008,0.046756
X=-171.929 Y=21.783 Z=168.908,0.042095
X=-169.831 Y=21.621 Z=168.852,0.045182
X=-167.545 Y=21.452 Z=168.675,0.044221
X=-164.886 Y=21.330 Z=168.460,0.043732
X=-162.089 Y=21.194 Z=168.194,0.042197
X=-159.191 Y=20.952 Z=167.923,0.044001
X=-156.256 Y=20.615 Z=167.593,0.04432
X=-153.214 Y=20.114 Z=167.404,0.044729
X=-150.184 Y=19.470 Z=167.258,0.045006
X=-147.016 Y=18.721 Z=167.539,0.044252
X=-143.812 Y=18.013 Z=168.374,0.044817
X=-140.919 Y=17.532 Z=168.892,0.04461
X=-138.332 Y=17.445 Z=168.954,0.044432
X=-136.032 Y=17.519 Z=169.195,0.043921
X=-133.870 Y=17.642 Z=169.651,0.043379
X=-131.796 Y=17.900 Z=170.120,0.044581
X=-129.782 Y=18.307 Z=170.420,0.04577
X=-127.911 Y=18.805 Z=170.567,0.044287
X=-126.241 Y=19.442 Z=170.606,0.043431
X=-124.819 Y=20.322 Z=170.480,0.044298
X=-123.780 Y=21.354 Z=170.313,0.044684
X=-122.943 Y=22.556 Z=170.507,0.043824
X=-122.103 Y=23.707 Z=170.889,0.044787
X=-121.242 Y=24.810 Z=171.405,0.044166
X=-120.414 Y=25.859 Z=171.682,0.045504
X=-119.605 Y=26.806 Z=171.630,0.045151
X=-118.641 Y=27.635 Z=171.587,0.042045
X=-117.591 Y=28.470 Z=171.428,0.043619
X=-116.200 Y=29.644 Z=171.150,0.045378
X=-114.399 Y=31.372 Z=170.912,0.045874
X=-112.594 Y=33.887 Z=170.721,0.043749
X=-111.646 Y=36.877 Z=170.774,0.042784
X=-111.471 Y=39.380 Z=171.013,0.044352
X=-111.781 Y=41.460 Z=171.201,0.043802
X=-112.490 Y=42.898 Z=171.314,0.046731
X=-113.125 Y=43.935 Z=171.470,0.043556
X=-113.936 Y=44.572 Z=171.670,0.043648
X=-114.658 Y=44.747 Z=171.765,0.045001
X=-115.110 Y=44.347 Z=171.727,0.044524
X=-115.191 Y=43.550 Z=171.543,0.04433
X=-114.974 Y=42.513 Z=171.436,0.044252
X=-114.457 Y=41.425 Z=171.494,0.044528
X=-113.770 Y=40.389 Z=171.523,0.044052
X=-112.780 Y=39.431 Z=171.649,0.045149
X=-111.616 Y=38.483 Z=171.582,0.0442
X=-110.230 Y=37.641 Z=171.457,0.04454
X=-108.601 Y=36.653 Z=171.382,0.045463
X=-106.381 Y=35.352 Z=171.257,0.044017
X=-103.254 Y=33.138 Z=171.098,0.043479
X=-100.418 Y=29.872 Z=170.820,0.04594
X=-98.911 Y=25.969 Z=170.598,0.043321
X=-98.645 Y=22.215 Z=170.554,0.044418
X=-99.359 Y=19.266 Z=170.671,0.044136
X=-100.562 Y=17.198 Z=170.810,0.043229
X=-101.459 Y=16.066 Z=170.774,0.045454
X=-101.950 Y=15.403 Z=170.619,0.044599
X=-102.193 Y=14.871 Z=170.672,0.045419
X=-102.379 Y=14.314 Z=170.762,0.044243
X=-102.687 Y=13.798 Z=170.919,0.043882
X=-103.025 Y=13.292 Z=170.985,0.045137
X=-103.254 Y=12.937 Z=171.024,0.043895
X=-103.477 Y=12.719 Z=170.899,0.045012
X=-103.620 Y=12.463 Z=170.904,0.043672
X=-103.761 Y=12.243 Z=170.958,0.044656
X=-103.948 Y=12.081 Z=171.011,0.044482
X=-104.062 Y=11.922 Z=171.063,0.04476
X=-104.133 Y=11.788 Z=171.046,0.044088
X=-104.192 Y=11.674 Z=171.048,0.043673
X=-104.262 Y=11.619 Z=171.025,0.045267
X=-104.364 Y=11.551 Z=171.070,0.044513
X=-104.522 Y=11.448 Z=171.187,0.044968
X=-104.700 Y=11.258 Z=171.285,0.042871
X=-104.826 Y=11.052 Z=171.307,0.044098
X=-104.904 Y=10.873 Z=171.232,0.045395
X=-104.916 Y=10.665 Z=171.127,0.044725
X=-104.910 Y=10.403 Z=171.061,0.044908
X=-104.867 Y=10.147 Z=171.058,0.04502
X=-104.761 Y=9.892 Z=171.040,0.043789
X=-104.621 Y=9.664 Z=171.000,0.044118
X=-104.426 Y=9.425 Z=170.993,0.044461
X=-104.156 Y=9.188 Z=170.956,0.044523
X=-103.848 Y=8.976 Z=170.921,0.043937
X=-103.488 Y=8.736 Z=170.886,0.044277
X=-103.155 Y=8.626 Z=170.740,0.045238
X=-102.767 Y=8.647 Z=170.554,0.043926
X=-102.372 Y=8.773 Z=170.572,0.044066
X=-102.002 Y=9.095 Z=170.688,0.044488
X=-101.688 Y=9.587 Z=170.788,0.044463
X=-101.283 Y=10.243 Z=170.852,0.04461
X=-100.959 Y=11.097 Z=170.776,0.044609
X=-100.624 Y=12.137 Z=170.484,0.043977
X=-100.177 Y=13.157 Z=170.567,0.044381
X=-99.867 Y=14.267 Z=170.825,0.044058
X=-99.711 Y=15.394 Z=171.252,0.045926
X=-99.515 Y=16.312 Z=171.778,0.043818
X=-99.278 Y=17.235 Z=171.949,0.044233
X=-99.043 Y=18.098 Z=171.890,0.044758
X=-98.792 Y=18.839 Z=171.849,0.043475
X=-98.525 Y=19.554 Z=171.889,0.045249
X=-98.282 Y=20.193 Z=171.998,0.043775
X=-98.074 Y=20.829 Z=172.103,0.045865
X=-97.852 Y=21.363 Z=172.076,0.043689
X=-97.611 Y=21.844 Z=172.092,0.044147
X=-97.395 Y=22.296 Z=172.133,0.044952
X=-97.185 Y=22.688 Z=172.245,0.044752
X=-96.878 Y=23.017 Z=172.331,0.044164
X=-96.531 Y=23.324 Z=172.433,0.044169
X=-96.157 Y=23.624 Z=172.514,0.044305
X=-95.741 Y=23.907 Z=172.550,0.044661
X=-95.314 Y=24.176 Z=172.607,0.044703
X=-94.851 Y=24.457 Z=172.610,0.045339
X=-94.415 Y=24.698 Z=172.608,0.043792
X=-94.050 Y=24.931 Z=172.568,0.043188
X=-93.701 Y=25.161 Z=172.520,0.045562
X=-93.408 Y=25.299 Z=172.502,0.044422
X=-93.206 Y=25.413 Z=172.498,0.044852
X=-92.992 Y=25.483 Z=172.555,0.043846
X=-92.781 Y=25.575 Z=172.546,0.043574
X=-92.555 Y=25.679 Z=172.528,0.044075
X=-92.357 Y=25.786 Z=172.503,0.045313
X=-92.177 Y=25.927 Z=172.425,0.043141
X=-91.979 Y=26.046 Z=172.435,0.045055
X=-91.820 Y=26.282 Z=172.423,0.043487
X=-91.607 Y=26.544 Z=172.460,0.045186
X=-91.390 Y=26.820 Z=172.422,0.045603
X=-91.177 Y=27.166 Z=172.253,0.044798
X=-90.888 Y=27.424 Z=172.004,0.043344
X=-90.593 Y=27.644 Z=171.808,0.043521
X=-90.167 Y=27.676 Z=171.736,0.044004
X=-89.597 Y=27.566 Z=171.697,0.044362
X=-88.811 Y=27.240 Z=171.518,0.046627
X=-87.873 Y=26.745 Z=171.154,0.043141
X=-86.608 Y=26.146 Z=170.848,0.046312
X=-84.877 Y=25.436 Z=170.712,0.04273
X=-82.878 Y=24.684 Z=170.498,0.043586
X=-80.677 Y=23.823 Z=170.241,0.044833
X=-78.322 Y=22.972 Z=169.869,0.046291
X=-75.787 Y=22.312 Z=169.584,0.042807
X=-73.038 Y=21.874 Z=169.501,0.044783
X=-70.352 Y=21.533 Z=169.815,0.043072
X=-68.006 Y=21.061 Z=170.366,0.045248
X=-66.000 Y=20.505 Z=170.542,0.043941
X=-64.106 Y=19.933 Z=170.358,0.043644
X=-61.835 Y=19.351 Z=170.396,0.044841
X=-59.333 Y=18.863 Z=170.492,0.044895
X=-56.695 Y=18.639 Z=170.415,0.044163
X=-53.884 Y=18.541 Z=169.969,0.043986
X=-50.860 Y=18.443 Z=169.250,0.044888
X=-47.908 Y=18.168 Z=168.333,0.044426
X=-44.945 Y=17.680 Z=167.262,0.044639
X=-42.042 Y=17.195 Z=166.315,0.046218
X=-38.747 Y=16.849 Z=165.443,0.043863
X=-34.790 Y=16.628 Z=164.854,0.044719
X=-30.298 Y=16.323 Z=164.967,0.043088
X=-24.251 Y=16.208 Z=168.465,0.044279
X=-18.794 Y=17.056 Z=169.182,0.045373
X=-15.131 Y=17.866 Z=170.350,0.043857
X=-11.067 Y=18.494 Z=172.080,0.043521
X=-5.948 Y=18.533 Z=173.586,0.044726
X=-1.760 Y=18.419 Z=173.880,0.044974
X=2.569 Y=18.313 Z=174.325,0.044024
X=7.083 Y=18.187 Z=175.172,0.045226
X=12.080 Y=18.331 Z=175.549,0.042754
X=17.288 Y=18.800 Z=175.249,0.044842
X=22.233 Y=19.269 Z=174.595,0.044936
X=26.580 Y=19.431 Z=173.780,0.043034
X=30.801 Y=19.060 Z=173.076,0.044608
X=35.075 Y=18.360 Z=172.797,0.04477
X=39.747 Y=17.472 Z=173.256,0.043785
X=44.257 Y=16.770 Z=173.878,0.045149
X=48.236 Y=16.339 Z=174.673,0.044086
X=52.199 Y=15.752 Z=176.043,0.045314
X=55.554 Y=14.790 Z=177.354,0.043402
X=58.428 Y=13.594 Z=178.457,0.045353
X=61.432 Y=12.665 Z=179.100,0.044685
X=64.987 Y=12.296 Z=179.202,0.045093
X=69.136 Y=12.427 Z=179.014,0.044486
X=73.883 Y=13.074 Z=178.602,0.043836
X=79.186 Y=14.294 Z=177.836,0.043868
X=84.586 Y=15.664 Z=177.589,0.045522
X=90.516 Y=17.298 Z=177.736,0.043991
X=96.598 Y=19.067 Z=178.435,0.044415
X=102.600 Y=20.973 Z=179.131,0.045002
X=108.128 Y=22.619 Z=179.426,0.043098
X=113.296 Y=23.765 Z=180.079,0.045011
X=118.027 Y=24.415 Z=180.763,0.044906
X=122.507 Y=24.658 Z=181.320,0.044317
X=127.194 Y=24.736 Z=181.329,0.043979
X=131.916 Y=24.648 Z=180.836,0.045245
X=136.832 Y=24.457 Z=179.869,0.044372
X=141.743 Y=24.111 Z=178.658,0.043425
X=146.719 Y=23.576 Z=177.542,0.044542
X=152.016 Y=22.715 Z=177.040,0.044494
X=157.164 Y=21.710 Z=176.641,0.044807
X=162.262 Y=20.783 Z=177.257,0.044049
X=166.896 Y=19.941 Z=178.574,0.044143
X=170.177 Y=19.918 Z=178.451,0.044947
X=173.930 Y=19.967 Z=179.010,0.043385
X=177.379 Y=20.040 Z=179.534,0.044711
X=180.302 Y=20.333 Z=179.451,0.044461
X=183.418 Y=20.553 Z=179.895,0.048923
X=186.709 Y=20.758 Z=180.227,0.041259
X=189.834 Y=21.083 Z=180.216,0.04276
X=192.487 Y=21.546 Z=179.674,0.045087
X=194.817 Y=22.207 Z=179.142,0.043788
X=197.050 Y=22.883 Z=179.034,0.045658
X=198.763 Y=23.606 Z=179.019,0.044454
X=200.136 Y=24.115 Z=178.893,0.043321
X=201.459 Y=24.521 Z=179.186,0.045613
X=202.559 Y=24.816 Z=179.618,0.043855
X=203.522 Y=25.060 Z=180.266,0.044606
X=204.680 Y=25.402 Z=180.977,0.045322
X=205.849 Y=25.831 Z=181.333,0.04396
X=206.884 Y=26.305 Z=181.300,0.044391
X=207.848 Y=26.877 Z=181.210,0.045272
X=208.918 Y=27.491 Z=181.313,0.043561
X=209.805 Y=28.100 Z=181.505,0.045134
X=210.446 Y=28.475 Z=181.678,0.043841
X=211.007 Y=28.720 Z=181.877,0.044987
X=211.476 Y=29.171 Z=182.414,0.045473
X=211.554 Y=29.469 Z=183.155,0.043995
X=210.972 Y=28.946 Z=183.249,0.043832
X=210.338 Y=28.153 Z=183.779,0.044923
X=209.665 Y=27.516 Z=184.491,0.04349
X=208.569 Y=26.689 Z=184.886,0.046671
X=207.167 Y=25.876 Z=185.062,0.043418
X=205.413 Y=24.966 Z=185.194,0.044641
X=203.330 Y=23.734 Z=185.246,0.043025
X=201.350 Y=22.441 Z=185.434,0.046862
X=199.639 Y=21.016 Z=185.529,0.045024
X=198.047 Y=19.525 Z=185.504,0.042155
X=196.681 Y=17.776 Z=185.254,0.044162
X=195.755 Y=15.683 Z=185.027,0.044592
X=195.527 Y=13.443 Z=184.763,0.044892
X=195.883 Y=11.472 Z=184.761,0.043568
X=196.602 Y=10.034 Z=184.782,0.044071
X=197.508 Y=9.076 Z=184.646,0.044421
X=198.633 Y=8.481 Z=184.370,0.044939
X=199.836 Y=8.047 Z=184.467,0.043619
X=201.371 Y=7.714 Z=184.480,0.044988
X=202.973 Y=7.461 Z=184.391,0.044738
X=204.384 Y=7.203 Z=184.644,0.04457
X=205.291 Y=6.780 Z=185.380,0.044881
X=206.364 Y=6.285 Z=185.618,0.044201
X=207.151 Y=5.677 Z=186.020,0.044616
X=208.089 Y=5.102 Z=186.117,0.043745
X=208.765 Y=4.390 Z=186.320,0.045517
X=209.278 Y=3.696 Z=186.504,0.043583
X=209.458 Y=3.130 Z=186.512,0.045656
X=209.491 Y=2.508 Z=186.470,0.043748
X=209.335 Y=1.793 Z=186.335,0.045424
X=209.078 Y=0.971 Z=186.296,0.044719
X=208.821 Y=0.038 Z=186.292,0.043151
X=208.560 Y=-0.785 Z=186.358,0.044997
X=208.370 Y=-1.452 Z=186.296,0.043567
X=208.247 Y=-1.928 Z=186.238,0.04418
X=208.301 Y=-2.319 Z=186.186,0.045214
X=208.433 Y=-2.569 Z=186.264,0.044298
X=208.580 Y=-2.730 Z=186.382,0.043759
X=208.696 Y=-2.853 Z=186.616,0.04541
X=208.969 Y=-2.898 Z=186.764,0.044018
X=209.350 Y=-2.991 Z=186.851,0.043862
X=209.718 Y=-3.150 Z=187.006,0.043846
X=210.133 Y=-3.165 Z=187.052,0.045745
X=210.593 Y=-3.127 Z=187.017,0.043886
X=211.024 Y=-3.098 Z=187.101,0.045806
X=211.559 Y=-3.049 Z=187.135,0.042939
X=211.963 Y=-3.030 Z=187.241,0.043725
X=212.268 Y=-3.069 Z=187.271,0.045215
X=212.488 Y=-3.070 Z=187.366,0.045044
X=212.557 Y=-3.066 Z=187.504,0.043894
X=212.486 Y=-3.010 Z=187.560,0.043462
X=212.377 Y=-2.841 Z=187.516,0.045362
X=212.189 Y=-2.554 Z=187.394,0.045072
X=211.958 Y=-2.304 Z=187.344,0.043532
X=211.685 Y=-1.988 Z=187.337,0.043839
X=211.295 Y=-1.613 Z=187.423,0.044073
X=210.867 Y=-1.137 Z=187.452,0.04406
X=210.494 Y=-0.492 Z=187.426,0.044681
X=210.119 Y=0.246 Z=187.420,0.045026
X=209.806 Y=1.035 Z=187.422,0.044899
X=209.624 Y=1.746 Z=187.460,0.044901
X=209.524 Y=2.252 Z=187.457,0.045287
X=209.467 Y=2.584 Z=187.531,0.04187
X=209.486 Y=2.785 Z=187.553,0.044775
X=209.501 Y=2.876 Z=187.533,0.043912
X=209.480 Y=2.961 Z=187.507,0.046231
X=209.499 Y=2.953 Z=187.425,0.043533
X=209.515 Y=2.976 Z=187.294,0.043213
X=209.558 Y=3.023 Z=187.182,0.04496
X=209.634 Y=3.102 Z=187.077,0.044176
X=209.702 Y=3.186 Z=187.061,0.044424
X=209.741 Y=3.213 Z=187.082,0.044004
X=209.790 Y=3.356 Z=187.117,0.044897
X=209.819 Y=3.547 Z=187.140,0.043837
X=209.894 Y=3.753 Z=187.130,0.045759
X=209.944 Y=4.020 Z=187.157,0.043082
X=210.000 Y=4.403 Z=187.128,0.043105
X=210.113 Y=4.911 Z=187.075,0.04451
X=210.256 Y=5.487 Z=187.038,0.046028
X=210.416 Y=6.063 Z=187.068,0.04312
X=210.647 Y=6.655 Z=187.078,0.045471
X=210.924 Y=7.284 Z=187.117,0.04381
X=211.273 Y=7.850 Z=187.133,0.044713
X=211.634 Y=8.341 Z=187.110,0.044696
X=212.002 Y=8.875 Z=187.181,0.044213
X=212.467 Y=9.380 Z=187.243,0.045801
X=212.925 Y=9.794 Z=187.327,0.043368
X=213.293 Y=10.188 Z=187.412,0.045361
X=213.699 Y=10.571 Z=187.468,0.044842
X=214.183 Y=10.996 Z=187.554,0.04256
X=214.686 Y=11.264 Z=187.632,0.046287
X=215.150 Y=11.566 Z=187.744,0.043254
X=215.547 Y=11.850 Z=187.746,0.044686
X=215.834 Y=12.006 Z=187.823,0.044422
X=216.031 Y=12.039 Z=187.867,0.044785
X=216.106 Y=12.089 Z=187.968,0.044197
X=216.163 Y=12.157 Z=188.033,0.044273
X=216.234 Y=12.208 Z=188.080,0.046378
X=216.287 Y=12.280 Z=188.168,0.045796
X=216.278 Y=12.321 Z=188.327,0.043604
X=216.339 Y=12.320 Z=188.578,0.044763
X=216.391 Y=12.196 Z=188.778,0.044293
X=216.459 Y=12.093 Z=188.987,0.044632
X=216.336 Y=11.959 Z=189.030,0.043247
X=216.284 Y=11.878 Z=189.056,0.045762
X=216.183 Y=11.817 Z=189.203,0.043679
X=216.108 Y=11.783 Z=189.499,0.044406
X=216.074 Y=11.664 Z=189.778,0.04388
X=216.049 Y=11.595 Z=189.885,0.04588
X=216.013 Y=11.444 Z=189.946,0.04422
X=215.983 Y=11.372 Z=189.939,0.043686
X=215.939 Y=11.312 Z=189.937,0.044799
X=215.895 Y=11.222 Z=189.903,0.044022
X=215.821 Y=11.157 Z=189.878,0.045892
X=215.807 Y=11.078 Z=189.829,0.044302
X=215.730 Y=11.019 Z=189.748,0.04386
X=215.629 Y=10.933 Z=189.590,0.042745
X=215.594 Y=10.862 Z=189.393,0.044521
X=215.548 Y=10.793 Z=189.208,0.04508
X=215.502 Y=10.686 Z=189.084,0.044988
X=215.478 Y=10.591 Z=189.003,0.044706
X=215.486 Y=10.441 Z=188.953,0.045552
X=215.523 Y=10.288 Z=188.930,0.042877
X=215.513 Y=10.065 Z=188.848,0.046467
X=215.498 Y=9.821 Z=188.813,0.043663
X=215.431 Y=9.600 Z=188.751,0.043939
X=215.327 Y=9.271 Z=188.691,0.04399
X=215.214 Y=8.969 Z=188.672,0.04502
X=215.062 Y=8.618 Z=188.665,0.043656
X=214.961 Y=8.249 Z=188.599,0.044301
X=214.832 Y=7.916 Z=188.566,0.044846
X=214.717 Y=7.562 Z=188.510,0.043045
X=214.695 Y=7.192 Z=188.484,0.044653
X=214.672 Y=6.880 Z=188.481,0.044117
X=214.620 Y=6.512 Z=188.483,0.044142
X=214.565 Y=6.129 Z=188.494,0.044615
X=214.516 Y=5.757 Z=188.509,0.04523
X=214.394 Y=5.333 Z=188.568,0.043296
X=214.147 Y=4.844 Z=188.576,0.044951
X=213.706 Y=4.258 Z=188.600,0.044805
X=213.329 Y=3.499 Z=188.438,0.043938
X=212.973 Y=2.695 Z=188.273,0.04348
X=212.689 Y=1.952 Z=188.205,0.046516
X=212.421 Y=1.297 Z=188.204,0.042474
X=212.209 Y=0.630 Z=188.162,0.044584
X=211.976 Y=-0.039 Z=188.094,0.044645
X=211.821 Y=-0.583 Z=187.943,0.045099
X=211.718 Y=-1.108 Z=187.767,0.043001
X=211.664 Y=-1.572 Z=187.648,0.045926
X=211.716 Y=-1.976 Z=187.509,0.045034
X=211.798 Y=-2.390 Z=187.416,0.043524
X=211.933 Y=-2.748 Z=187.381,0.044819
X=212.067 Y=-3.021 Z=187.368,0.044321
X=212.223 Y=-3.249 Z=187.359,0.043817
X=212.415 Y=-3.469 Z=187.314,0.044514
X=212.657 Y=-3.764 Z=187.280,0.047084
X=213.011 Y=-4.072 Z=187.265,0.043262
X=213.336 Y=-4.322 Z=187.263,0.043365
X=213.626 Y=-4.563 Z=187.275,0.044935
X=213.836 Y=-4.750 Z=187.272,0.045952
X=214.046 Y=-4.959 Z=187.258,0.044385
X=214.212 Y=-5.199 Z=187.259,0.04288
X=214.343 Y=-5.427 Z=187.249,0.044953
X=214.399 Y=-5.614 Z=187.212,0.045069
X=214.402 Y=-5.768 Z=187.197,0.043277
X=214.409 Y=-5.910 Z=187.207,0.044772
X=214.525 Y=-6.210 Z=187.325,0.042964
X=214.807 Y=-6.605 Z=187.512,0.044651
X=215.233 Y=-7.049 Z=187.697,0.045182
X=215.688 Y=-7.511 Z=187.849,0.043531
X=216.055 Y=-7.817 Z=187.830,0.045178
X=216.311 Y=-8.042 Z=187.795,0.043841
X=216.544 Y=-8.186 Z=187.706,0.044193
X=216.722 Y=-8.377 Z=187.631,0.044757
X=216.884 Y=-8.471 Z=187.643,0.044
X=217.046 Y=-8.552 Z=187.654,0.045748
X=217.195 Y=-8.570 Z=187.653,0.043753
X=217.302 Y=-8.596 Z=187.654,0.044265
X=217.362 Y=-8.635 Z=187.648,0.043583
X=217.331 Y=-8.653 Z=187.609,0.045832
X=217.197 Y=-8.660 Z=187.612,0.045235
X=216.904 Y=-8.561 Z=187.584,0.043415
X=216.327 Y=-8.284 Z=187.526,0.044741
X=215.704 Y=-7.963 Z=187.517,0.044013
X=215.085 Y=-7.639 Z=187.539,0.044814
X=214.455 Y=-7.163 Z=187.587,0.042845
X=213.673 Y=-6.526 Z=187.605,0.045207
X=212.959 Y=-5.873 Z=187.722,0.044563
X=212.420 Y=-5.170 Z=187.879,0.045405
X=212.108 Y=-4.570 Z=187.962,0.045411
X=211.824 Y=-4.041 Z=188.057,0.045009
X=211.651 Y=-3.678 Z=188.119,0.043311
X=211.480 Y=-3.345 Z=188.196,0.044418
X=211.295 Y=-3.063 Z=188.237,0.044104
X=211.156 Y=-2.710 Z=188.294,0.044666
X=211.051 Y=-2.458 Z=188.326,0.044709
X=211.004 Y=-2.228 Z=188.351,0.044055
X=210.945 Y=-1.990 Z=188.354,0.044099
X=210.907 Y=-1.756 Z=188.347,0.044829
X=210.826 Y=-1.487 Z=188.362,0.044533
X=210.728 Y=-1.170 Z=188.383,0.043807
X=210.692 Y=-0.979 Z=188.401,0.044402
X=210.716 Y=-0.762 Z=188.398,0.04531
X=210.697 Y=-0.579 Z=188.431,0.042574
X=210.690 Y=-0.452 Z=188.474,0.045302
X=210.724 Y=-0.335 Z=188.514,0.044681
X=210.761 Y=-0.264 Z=188.548,0.044168
X=210.755 Y=-0.273 Z=188.549,0.045084
X=210.739 Y=-0.253 Z=188.553,0.043988
X=210.716 Y=-0.266 Z=188.516,0.043672
X=210.736 Y=-0.247 Z=188.529,0.044514
X=210.736 Y=-0.262 Z=188.495,0.044001
X=210.825 Y=-0.268 Z=188.473,0.045968
X=210.838 Y=-0.262 Z=188.545,0.044084
X=210.921 Y=-0.208 Z=188.542,0.043971
X=210.902 Y=-0.099 Z=188.561,0.044911
X=210.877 Y=-0.015 Z=188.552,0.043705
X=210.849 Y=0.068 Z=188.531,0.045052
X=210.831 Y=0.154 Z=188.510,0.04444
X=210.824 Y=0.218 Z=188.522,0.044646
X=210.725 Y=0.278 Z=188.508,0.04377
X=210.659 Y=0.352 Z=188.494,0.044185
X=210.599 Y=0.376 Z=188.475,0.045683
X=210.557 Y=0.411 Z=188.437,0.042935
X=210.539 Y=0.466 Z=188.413,0.045
X=210.542 Y=0.476 Z=188.400,0.044464
X=210.549 Y=0.380 Z=188.396,0.044717
X=210.567 Y=0.396 Z=188.412,0.045023
X=210.577 Y=0.374 Z=188.416,0.043606
X=210.584 Y=0.362 Z=188.412,0.04504
X=210.586 Y=0.388 Z=188.386,0.043528
X=210.564 Y=0.353 Z=188.363,0.045011
X=210.568 Y=0.248 Z=188.362,0.044589
X=210.600 Y=0.038 Z=188.356,0.04593
X=210.679 Y=-0.261 Z=188.322,0.044011
X=210.777 Y=-0.656 Z=188.266,0.044069
X=210.994 Y=-1.260 Z=188.290,0.045253
X=211.253 Y=-1.921 Z=188.253,0.045778
X=211.538 Y=-2.547 Z=188.170,0.044565
X=211.864 Y=-3.090 Z=188.069,0.044502
X=212.187 Y=-3.569 Z=187.994,0.045782
X=212.485 Y=-3.969 Z=187.941,0.042975
X=212.758 Y=-4.353 Z=187.893,0.043952
X=213.042 Y=-4.653 Z=187.861,0.044455
X=213.201 Y=-4.878 Z=187.818,0.044848
X=213.351 Y=-5.109 Z=187.775,0.04386
X=213.480 Y=-5.341 Z=187.747,0.047652
X=213.593 Y=-5.519 Z=187.693,0.041603
X=213.659 Y=-5.630 Z=187.643,0.044535
X=213.767 Y=-5.735 Z=187.630,0.04428
X=213.825 Y=-5.811 Z=187.619,0.044528
X=213.879 Y=-5.943 Z=187.604,0.043583
X=213.937 Y=-6.015 Z=187.575,0.045306
X=214.039 Y=-6.074 Z=187.574,0.044474
X=214.108 Y=-6.196 Z=187.570,0.044218
X=214.159 Y=-6.271 Z=187.565,0.045319
X=214.304 Y=-6.437 Z=187.565,0.042039
X=214.487 Y=-6.568 Z=187.532,0.043245
X=214.592 Y=-6.679 Z=187.502,0.045615
X=214.705 Y=-6.761 Z=187.496,0.043163
X=214.716 Y=-6.847 Z=187.507,0.045431
X=214.789 Y=-6.880 Z=187.526,0.043657
X=214.801 Y=-6.898 Z=187.539,0.045475
X=214.784 Y=-6.962 Z=187.539,0.043586
X=214.750 Y=-6.999 Z=187.522,0.04547
X=214.749 Y=-6.986 Z=187.498,0.045768
X=214.751 Y=-7.053 Z=187.488,0.04237
X=214.724 Y=-7.142 Z=187.470,0.044202
X=214.697 Y=-7.178 Z=187.464,0.044058
X=214.640 Y=-7.227 Z=187.435,0.045382
X=214.593 Y=-7.304 Z=187.426,0.043493
X=214.552 Y=-7.364 Z=187.404,0.045126
X=214.453 Y=-7.420 Z=187.376,0.043499
X=214.381 Y=-7.497 Z=187.352,0.045621
X=214.291 Y=-7.534 Z=187.296,0.043517
X=214.210 Y=-7.603 Z=187.254,0.044477
X=214.094 Y=-7.585 Z=187.212,0.045225
X=214.000 Y=-7.560 Z=187.204,0.045439
X=213.907 Y=-7.488 Z=187.193,0.04299
X=213.808 Y=-7.467 Z=187.183,0.043695
X=213.752 Y=-7.473 Z=187.179,0.044891
X=213.666 Y=-7.511 Z=187.169,0.044552
X=213.572 Y=-7.513 Z=187.153,0.043873
X=213.487 Y=-7.485 Z=187.159,0.045059
X=213.421 Y=-7.473 Z=187.155,0.056885
X=213.395 Y=-7.486 Z=187.137,0.035195
X=213.359 Y=-7.469 Z=187.104,0.041724
X=213.374 Y=-7.451 Z=187.110,0.043871
X=213.401 Y=-7.444 Z=187.130,0.046382
X=213.468 Y=-7.430 Z=187.138,0.042732
X=213.519 Y=-7.447 Z=187.163,0.044206
X=213.587 Y=-7.437 Z=187.159,0.04443
X=213.640 Y=-7.441 Z=187.165,0.044134
X=213.685 Y=-7.459 Z=187.184,0.045172
X=213.726 Y=-7.431 Z=187.211,0.04378
X=213.828 Y=-7.443 Z=187.224,0.044529
X=213.907 Y=-7.416 Z=187.231,0.044581
X=214.001 Y=-7.402 Z=187.242,0.045011
X=214.021 Y=-7.371 Z=187.241,0.044008
X=213.995 Y=-7.382 Z=187.262,0.045271
X=213.986 Y=-7.432 Z=187.291,0.043204
X=213.926 Y=-7.419 Z=187.293,0.043756
X=213.836 Y=-7.404 Z=187.267,0.044827
X=213.683 Y=-7.373 Z=187.226,0.045431
X=213.595 Y=-7.347 Z=187.208,0.042493
X=213.483 Y=-7.302 Z=187.224,0.045065
X=213.403 Y=-7.316 Z=187.210,0.044788
X=213.319 Y=-7.341 Z=187.173,0.045572
X=213.216 Y=-7.353 Z=187.138,0.042537
X=213.096 Y=-7.342 Z=187.112,0.045108
X=213.025 Y=-7.272 Z=187.104,0.042907
X=212.963 Y=-7.239 Z=187.084,0.045901
X=212.919 Y=-7.216 Z=187.091,0.045385
X=212.874 Y=-7.184 Z=187.097,0.043605
X=212.797 Y=-7.154 Z=187.131,0.044272
X=212.638 Y=-7.027 Z=187.153,0.043981
X=212.425 Y=-6.780 Z=187.218,0.044347
X=212.135 Y=-6.433 Z=187.312,0.045057
X=211.676 Y=-5.858 Z=187.421,0.044696
X=211.159 Y=-5.060 Z=187.434,0.045041
X=210.685 Y=-4.156 Z=187.460,0.04327
X=210.335 Y=-3.360 Z=187.458,0.043591
X=210.102 Y=-2.650 Z=187.506,0.044563
X=209.958 Y=-2.103 Z=187.563,0.04401
X=209.910 Y=-1.728 Z=187.624,0.0438
X=209.874 Y=-1.383 Z=187.671,0.045371
X=209.859 Y=-1.183 Z=187.700,0.04351
X=209.838 Y=-1.037 Z=187.704,0.045769
X=209.811 Y=-0.885 Z=187.705,0.045618
X=209.789 Y=-0.689 Z=187.687,0.042439
X=209.717 Y=-0.476 Z=187.691,0.043955
X=209.684 Y=-0.280 Z=187.706,0.045346
X=209.620 Y=-0.101 Z=187.732,0.044338
X=209.551 Y=0.047 Z=187.752,0.04289
X=209.531 Y=0.165 Z=187.766,0.045464
X=209.461 Y=0.242 Z=187.769,0.044386
X=209.398 Y=0.356 Z=187.784,0.044134
X=209.370 Y=0.408 Z=187.810,0.044736
X=209.323 Y=0.502 Z=187.840,0.045028
X=209.315 Y=0.488 Z=187.849,0.043859
X=209.248 Y=0.488 Z=187.845,0.043424
X=209.209 Y=0.449 Z=187.850,0.045788
X=209.174 Y=0.425 Z=187.859,0.044455
X=209.121 Y=0.409 Z=187.861,0.044504
X=209.204 Y=0.314 Z=187.896,0.044334
X=209.369 Y=0.207 Z=187.999,0.042842
X=209.469 Y=0.146 Z=188.136,0.044957
X=209.528 Y=-0.001 Z=188.199,0.044065
X=209.546 Y=-0.213 Z=188.159,0.045104
X=209.622 Y=-0.471 Z=188.076,0.043351
X=209.610 Y=-0.739 Z=187.988,0.044961
X=209.664 Y=-1.014 Z=187.894,0.04378
X=209.703 Y=-1.444 Z=187.806,0.045646
X=209.785 Y=-2.109 Z=187.750,0.043647
X=209.933 Y=-2.833 Z=187.685,0.045506
X=210.154 Y=-3.600 Z=187.604,0.044001
X=210.482 Y=-4.316 Z=187.508,0.045096
X=210.850 Y=-5.068 Z=187.455,0.044516
X=211.274 Y=-5.711 Z=187.383,0.044652
X=211.680 Y=-6.325 Z=187.355,0.045346
X=212.070 Y=-6.804 Z=187.312,0.044138
X=212.476 Y=-7.226 Z=187.356,0.043466
X=212.880 Y=-7.657 Z=187.383,0.045851
X=213.352 Y=-8.165 Z=187.430,0.043756
X=213.925 Y=-8.686 Z=187.440,0.043342
X=214.598 Y=-9.278 Z=187.343,0.046856
X=215.272 Y=-9.903 Z=187.146,0.044579
X=216.015 Y=-10.427 Z=186.860,0.041935
X=216.793 Y=-10.790 Z=186.551,0.041267
X=217.430 Y=-11.109 Z=186.407,0.046972
X=217.782 Y=-11.272 Z=186.356,0.043882
X=217.839 Y=-11.300 Z=186.246,0.045192
X=217.807 Y=-11.309 Z=186.138,0.043966
X=217.759 Y=-11.213 Z=186.036,0.044165
X=217.744 Y=-11.153 Z=186.077,0.044397
X=217.685 Y=-11.042 Z=186.131,0.044887
X=217.605 Y=-10.913 Z=186.187,0.043716
X=217.577 Y=-10.761 Z=186.200,0.045249
X=217.575 Y=-10.622 Z=186.210,0.04511
X=217.520 Y=-10.403 Z=186.180,0.044613
X=217.444 Y=-10.272 Z=186.207,0.044563
X=217.348 Y=-10.121 Z=186.263,0.045178
X=217.207 Y=-9.974 Z=186.318,0.04436
X=217.067 Y=-9.816 Z=186.394,0.044563
X=216.922 Y=-9.669 Z=186.436,0.044844
X=216.786 Y=-9.549 Z=186.471,0.044301
X=216.669 Y=-9.445 Z=186.529,0.044562
X=216.584 Y=-9.393 Z=186.547,0.045104
X=216.506 Y=-9.312 Z=186.546,0.044838
X=216.526 Y=-9.279 Z=186.529,0.044956
X=216.565 Y=-9.289 Z=186.502,0.044718
X=216.618 Y=-9.334 Z=186.483,0.044222
X=216.691 Y=-9.385 Z=186.461,0.044773
X=216.736 Y=-9.442 Z=186.437,0.044833
X=216.818 Y=-9.523 Z=186.429,0.044435
X=216.886 Y=-9.541 Z=186.413,0.044655
X=217.025 Y=-9.568 Z=186.409,0.044785
X=217.136 Y=-9.611 Z=186.440,0.044491
X=217.278 Y=-9.619 Z=186.454,0.044734
X=217.382 Y=-9.646 Z=186.478,0.045124
X=217.465 Y=-9.670 Z=186.511,0.044763
X=217.494 Y=-9.662 Z=186.530,0.044866
X=217.498 Y=-9.643 Z=186.542,0.044285
X=217.451 Y=-9.671 Z=186.556,0.043986
X=217.361 Y=-9.632 Z=186.566,0.044171
X=217.314 Y=-9.657 Z=186.559,0.043931
X=217.275 Y=-9.707 Z=186.537,0.042978
X=217.201 Y=-9.743 Z=186.520,0.042953
X=217.126 Y=-9.702 Z=186.504,0.043179
X=216.970 Y=-9.727 Z=186.483,0.046127
X=216.850 Y=-9.743 Z=186.468,0.040558
X=216.736 Y=-9.719 Z=186.473,0.04416
X=216.685 Y=-9.738 Z=186.451,0.045639
X=216.593 Y=-9.735 Z=186.422,0.042323
X=216.532 Y=-9.737 Z=186.398,0.04417
X=216.470 Y=-9.716 Z=186.395,0.045112
X=216.379 Y=-9.734 Z=186.399,0.04455
X=216.312 Y=-9.694 Z=186.391,0.043506
X=216.245 Y=-9.725 Z=186.401,0.044698
X=216.179 Y=-9.685 Z=186.377,0.044735
X=216.163 Y=-9.658 Z=186.361,0.044608
X=216.166 Y=-9.618 Z=186.374,0.044667
X=216.122 Y=-9.614 Z=186.361,0.044188
X=216.040 Y=-9.581 Z=186.362,0.043962
X=216.052 Y=-9.568 Z=186.384,0.043903
X=215.980 Y=-9.529 Z=186.385,0.044882
X=215.947 Y=-9.503 Z=186.413,0.044958
X=215.899 Y=-9.491 Z=186.432,0.043771
X=215.863 Y=-9.429 Z=186.443,0.047554
X=215.821 Y=-9.348 Z=186.465,0.042416
X=215.798 Y=-9.255 Z=186.484,0.043026
X=215.805 Y=-9.229 Z=186.502,0.045376
X=215.781 Y=-9.160 Z=186.534,0.045219
X=215.832 Y=-9.104 Z=186.556,0.043038
X=215.831 Y=-8.982 Z=186.591,0.045473
X=215.832 Y=-8.902 Z=186.615,0.044596
X=215.783 Y=-8.831 Z=186.599,0.044415
X=215.687 Y=-8.740 Z=186.614,0.043675
X=215.649 Y=-8.660 Z=186.655,0.045844
X=215.580 Y=-8.544 Z=186.672,0.043527
X=215.561 Y=-8.487 Z=186.707,0.043784
X=215.502 Y=-8.417 Z=186.708,0.045624
X=215.439 Y=-8.360 Z=186.735,0.043223
X=215.409 Y=-8.343 Z=186.881,0.046003
X=215.513 Y=-8.304 Z=186.978,0.04265
X=215.692 Y=-8.240 Z=186.984,0.044562
X=215.776 Y=-8.150 Z=186.991,0.044888
X=215.888 Y=-8.097 Z=187.005,0.043969
X=215.969 Y=-8.057 Z=187.005,0.043874
X=216.006 Y=-7.926 Z=187.001,0.046306
X=216.004 Y=-7.837 Z=187.006,0.043219
X=216.043 Y=-7.766 Z=187.034,0.044969
X=216.098 Y=-7.685 Z=187.078,0.043338
X=216.162 Y=-7.599 Z=187.134,0.044982
X=216.194 Y=-7.510 Z=187.181,0.044494
X=216.192 Y=-7.439 Z=187.205,0.044879
X=216.194 Y=-7.411 Z=187.247,0.044299
X=216.231 Y=-7.356 Z=187.267,0.043373
X=216.319 Y=-7.266 Z=187.265,0.045287
X=216.394 Y=-7.261 Z=187.283,0.047467
X=216.447 Y=-7.257 Z=187.304,0.043292
X=216.483 Y=-7.244 Z=187.330,0.045956
X=216.497 Y=-7.193 Z=187.365,0.04623
X=216.538 Y=-7.138 Z=187.406,0.04211
X=216.501 Y=-7.098 Z=187.437,0.043598
X=216.513 Y=-7.001 Z=187.427,0.045171
X=216.727 Y=-6.969 Z=187.424,0.04418
X=217.081 Y=-7.071 Z=187.531,0.045264
X=217.299 Y=-7.102 Z=187.532,0.044254
X=217.190 Y=-7.136 Z=187.578,0.044577
X=216.908 Y=-6.993 Z=187.516,0.045083
X=216.576 Y=-6.791 Z=187.471,0.044703
X=216.439 Y=-6.723 Z=187.476,0.042553
X=216.550 Y=-6.718 Z=187.535,0.045056
X=216.687 Y=-6.750 Z=187.514,0.044216
X=216.698 Y=-6.742 Z=187.482,0.044346
X=216.644 Y=-6.703 Z=187.410,0.046353
X=216.624 Y=-6.697 Z=187.359,0.042432
X=216.531 Y=-6.620 Z=187.307,0.045045
X=216.453 Y=-6.570 Z=187.279,0.043618
X=216.339 Y=-6.486 Z=187.253,0.044869
X=216.219 Y=-6.421 Z=187.234,0.047328
X=216.097 Y=-6.361 Z=187.214,0.041023
X=215.964 Y=-6.287 Z=187.176,0.045469
X=215.858 Y=-6.164 Z=187.132,0.043539
X=215.693 Y=-6.083 Z=187.086,0.043827
X=215.500 Y=-6.020 Z=187.033,0.044143
X=215.309 Y=-5.949 Z=186.991,0.045569
X=215.164 Y=-5.885 Z=186.970,0.044928
X=215.108 Y=-5.826 Z=186.935,0.042871
X=215.032 Y=-5.809 Z=186.927,0.044987
X=214.919 Y=-5.766 Z=186.898,0.043884
X=214.784 Y=-5.669 Z=186.867,0.045026
X=214.664 Y=-5.622 Z=186.866,0.045019
X=214.584 Y=-5.614 Z=186.851,0.043444
X=214.490 Y=-5.628 Z=186.846,0.043732
X=214.424 Y=-5.618 Z=186.829,0.045703
X=214.342 Y=-5.569 Z=186.843,0.044828
X=214.275 Y=-5.555 Z=186.863,0.044575
X=214.215 Y=-5.546 Z=186.872,0.044216
X=214.201 Y=-5.560 Z=186.907,0.045034
X=214.243 Y=-5.569 Z=186.920,0.043126
X=214.334 Y=-5.621 Z=186.932,0.045003
X=214.447 Y=-5.677 Z=186.947,0.04438
X=214.577 Y=-5.747 Z=186.958,0.04508
X=214.739 Y=-5.836 Z=186.963,0.043861
X=214.874 Y=-5.922 Z=186.976,0.043853
X=215.051 Y=-6.029 Z=186.965,0.044887
X=215.231 Y=-6.100 Z=186.960,0.045216
X=215.412 Y=-6.215 Z=186.981,0.04501
X=215.531 Y=-6.292 Z=186.985,0.043393
X=215.607 Y=-6.332 Z=186.986,0.0435
X=215.638 Y=-6.424 Z=186.960,0.045397
X=215.659 Y=-6.449 Z=186.936,0.045151
X=215.681 Y=-6.476 Z=186.952,0.043361
X=215.695 Y=-6.491 Z=186.946,0.049108
X=215.680 Y=-6.517 Z=186.964,0.039825
X=215.687 Y=-6.550 Z=186.941,0.044048
X=215.665 Y=-6.524 Z=186.912,0.044334
X=215.582 Y=-6.478 Z=186.895,0.045394
X=215.443 Y=-6.409 Z=186.890,0.043157
X=215.318 Y=-6.386 Z=186.910,0.045309
X=215.222 Y=-6.355 Z=186.904,0.043805
X=215.136 Y=-6.293 Z=186.908,0.046012
X=215.097 Y=-6.231 Z=186.929,0.043135
X=215.058 Y=-6.240 Z=186.932,0.044394
X=215.028 Y=-6.292 Z=186.908,0.047407
X=214.975 Y=-6.282 Z=186.892,0.043938
X=214.911 Y=-6.275 Z=186.869,0.044915
X=214.904 Y=-6.278 Z=186.867,0.043175
X=214.897 Y=-6.283 Z=186.874,0.045205
X=214.891 Y=-6.309 Z=186.893,0.045142
X=214.877 Y=-6.328 Z=186.907,0.04304
X=214.906 Y=-6.383 Z=186.913,0.045701
X=214.953 Y=-6.448 Z=186.915,0.043951
X=214.997 Y=-6.467 Z=186.896,0.044491
X=215.027 Y=-6.493 Z=186.903,0.044495
X=215.062 Y=-6.506 Z=186.902,0.044124
X=215.099 Y=-6.511 Z=186.933,0.043709
X=215.118 Y=-6.541 Z=186.923,0.04613
X=215.207 Y=-6.566 Z=186.956,0.042646
X=215.233 Y=-6.614 Z=186.962,0.046186
X=215.315 Y=-6.661 Z=186.954,0.043005
X=215.378 Y=-6.714 Z=186.935,0.045691
X=215.370 Y=-6.746 Z=186.936,0.044331
X=215.323 Y=-6.782 Z=186.947,0.043146
X=215.283 Y=-6.835 Z=186.967,0.046633
X=215.236 Y=-6.818 Z=186.980,0.042637
X=215.216 Y=-6.834 Z=186.995,0.043616
X=215.206 Y=-6.889 Z=186.973,0.044178
X=215.165 Y=-6.919 Z=186.956,0.043928
X=215.122 Y=-6.930 Z=186.923,0.045513
X=215.044 Y=-6.921 Z=186.911,0.044162
X=214.998 Y=-6.963 Z=186.931,0.044163
X=214.977 Y=-7.035 Z=186.923,0.043999
X=214.960 Y=-7.034 Z=186.906,0.044684
X=214.988 Y=-7.063 Z=186.883,0.044175
X=214.943 Y=-7.087 Z=186.873,0.044822
X=214.940 Y=-7.172 Z=186.850,0.043381
X=214.954 Y=-7.212 Z=186.846,0.045734
X=214.970 Y=-7.219 Z=186.825,0.043768
X=214.984 Y=-7.254 Z=186.818,0.044968
X=214.976 Y=-7.291 Z=186.820,0.0443
X=214.964 Y=-7.331 Z=186.804,0.044324
X=214.980 Y=-7.346 Z=186.809,0.045868
X=215.065 Y=-7.395 Z=186.815,0.044052
X=215.108 Y=-7.431 Z=186.819,0.043489
X=215.185 Y=-7.540 Z=186.816,0.044022
X=215.246 Y=-7.607 Z=186.802,0.05794
X=215.302 Y=-7.692 Z=186.785,0.031389
X=215.332 Y=-7.738 Z=186.752,0.044925
X=215.320 Y=-7.762 Z=186.723,0.042561
X=215.370 Y=-7.781 Z=186.713,0.045614
X=215.366 Y=-7.829 Z=186.704,0.044347
X=215.383 Y=-7.872 Z=186.685,0.043783
X=215.390 Y=-7.905 Z=186.673,0.04477
X=215.357 Y=-7.898 Z=186.664,0.044239
X=215.307 Y=-7.912 Z=186.650,0.044528
X=215.228 Y=-7.888 Z=186.621,0.043561
X=215.109 Y=-7.809 Z=186.594,0.044862
X=214.920 Y=-7.698 Z=186.591,0.044521
X=214.633 Y=-7.500 Z=186.610,0.044085
X=214.335 Y=-7.319 Z=186.677,0.04547
X=213.907 Y=-7.022 Z=186.705,0.042803
X=213.393 Y=-6.623 Z=186.661,0.045922
X=212.764 Y=-6.123 Z=186.628,0.043222
X=212.123 Y=-5.545 Z=186.564,0.044881
X=211.391 Y=-4.878 Z=186.548,0.046629
X=210.794 Y=-4.215 Z=186.573,0.042478
X=210.272 Y=-3.546 Z=186.611,0.044155
X=209.874 Y=-2.890 Z=186.557,0.044637
X=209.620 Y=-2.346 Z=186.508,0.044921
X=209.318 Y=-2.001 Z=186.530,0.044217
X=209.087 Y=-1.518 Z=186.519,0.04497
X=208.902 Y=-1.125 Z=186.514,0.045842
X=208.639 Y=-0.805 Z=186.566,0.044029
X=208.478 Y=-0.479 Z=186.655,0.043457
X=208.302 Y=-0.130 Z=186.718,0.045982
X=208.099 Y=0.283 Z=186.773,0.043041
X=207.892 Y=0.721 Z=186.795,0.043823
X=207.744 Y=1.253 Z=186.837,0.045801
X=207.636 Y=1.854 Z=186.878,0.043509
X=207.495 Y=2.571 Z=186.887,0.045825
X=207.389 Y=3.307 Z=186.888,0.043343
X=207.372 Y=4.131 Z=186.868,0.043613
X=207.425 Y=4.999 Z=187.225,0.044317
X=207.611 Y=5.992 Z=187.684,0.044147
X=207.952 Y=7.177 Z=188.256,0.046491
X=208.558 Y=8.441 Z=188.558,0.042965
X=209.298 Y=9.348 Z=188.639,0.044822
X=209.937 Y=9.940 Z=188.486,0.044306
X=210.386 Y=10.437 Z=188.467,0.045102
X=210.683 Y=10.757 Z=188.413,0.044986
X=211.026 Y=11.060 Z=188.461,0.044103
X=211.604 Y=11.451 Z=188.412,0.044781
X=212.180 Y=11.941 Z=188.464,0.043792
X=212.687 Y=12.414 Z=188.555,0.043707
X=213.228 Y=12.727 Z=188.548,0.043936
X=213.709 Y=12.893 Z=188.452,0.045491
X=214.170 Y=13.039 Z=188.425,0.043733
X=214.689 Y=13.151 Z=188.496,0.04504
X=215.330 Y=13.255 Z=188.678,0.043754
X=216.027 Y=13.275 Z=188.910,0.044627
X=216.753 Y=13.302 Z=189.052,0.043609
X=217.416 Y=13.270 Z=189.061,0.044432
X=217.985 Y=13.297 Z=189.012,0.045124
X=218.468 Y=13.348 Z=188.936,0.044758
X=218.906 Y=13.403 Z=188.911,0.04431
X=219.343 Y=13.486 Z=188.862,0.043812
X=219.742 Y=13.505 Z=188.833,0.044581
X=220.192 Y=13.539 Z=188.758,0.044489
X=220.600 Y=13.510 Z=188.679,0.043947
X=221.073 Y=13.521 Z=188.631,0.046361
X=221.586 Y=13.515 Z=188.569,0.043729
X=222.071 Y=13.507 Z=188.546,0.044444
X=222.675 Y=13.496 Z=188.559,0.043679
X=223.397 Y=13.395 Z=188.609,0.044375
X=224.097 Y=13.294 Z=188.578,0.04487
X=224.692 Y=13.290 Z=188.506,0.045127
X=225.222 Y=13.231 Z=188.479,0.043702
X=225.645 Y=13.182 Z=188.485,0.044794
X=226.044 Y=13.149 Z=188.518,0.04419
X=226.322 Y=13.064 Z=188.457,0.045292
X=226.549 Y=13.001 Z=188.414,0.043421
X=226.750 Y=12.953 Z=188.366,0.044221
X=226.872 Y=12.920 Z=188.370,0.043803
X=226.921 Y=12.947 Z=188.345,0.044702
X=226.868 Y=13.052 Z=188.357,0.045168
X=226.692 Y=13.262 Z=188.369,0.044738
X=226.255 Y=13.593 Z=188.397,0.043863
X=225.455 Y=14.247 Z=188.580,0.044836
X=223.997 Y=15.269 Z=188.592,0.045616
X=222.314 Y=16.060 Z=188.458,0.044559
X=220.595 Y=16.442 Z=188.284,0.044486
X=219.103 Y=16.567 Z=188.269,0.043247
X=217.742 Y=16.528 Z=188.257,0.043557
X=216.729 Y=16.186 Z=188.182,0.045601
X=216.060 Y=15.843 Z=188.131,0.043988
X=215.550 Y=15.492 Z=188.078,0.045143
X=215.241 Y=15.127 Z=188.123,0.044548
X=215.095 Y=14.740 Z=188.142,0.043537
X=214.917 Y=14.365 Z=188.145,0.046351
X=214.798 Y=13.966 Z=188.184,0.045749
X=214.613 Y=13.513 Z=188.205,0.043536
X=214.462 Y=13.007 Z=188.185,0.043474
X=214.270 Y=12.480 Z=188.195,0.044948
X=214.077 Y=11.838 Z=188.203,0.045238
X=213.882 Y=11.206 Z=188.307,0.043885
X=213.652 Y=10.566 Z=188.417,0.045188
X=213.325 Y=9.812 Z=188.570,0.043541
X=212.944 Y=8.975 Z=188.682,0.045101
X=212.606 Y=8.080 Z=188.767,0.043641
X=212.409 Y=7.223 Z=188.816,0.044305
X=212.255 Y=6.393 Z=188.833,0.04391
X=212.186 Y=5.603 Z=188.864,0.04467
X=212.106 Y=4.832 Z=188.847,0.043901
X=212.171 Y=4.130 Z=188.855,0.04352
X=212.299 Y=3.603 Z=188.790,0.044346
X=212.414 Y=3.108 Z=188.782,0.044406
X=212.607 Y=2.826 Z=188.837,0.045571
X=212.781 Y=2.579 Z=188.936,0.049711
X=212.924 Y=2.551 Z=189.091,0.039447
X=213.105 Y=2.607 Z=189.253,0.043924
X=213.272 Y=2.641 Z=189.328,0.04572
X=213.385 Y=2.752 Z=189.356,0.043237
X=213.438 Y=2.882 Z=189.325,0.044969
X=213.438 Y=2.947 Z=189.300,0.044395
X=213.424 Y=3.082 Z=189.282,0.043834
X=213.429 Y=3.249 Z=189.290,0.044999
X=213.475 Y=3.421 Z=189.425,0.044136
X=213.485 Y=3.591 Z=189.536,0.045196
X=213.521 Y=3.710 Z=189.601,0.042851
X=213.513 Y=3.869 Z=189.640,0.047391
X=213.542 Y=4.053 Z=189.695,0.042661
X=213.701 Y=4.219 Z=189.802,0.043964
X=213.850 Y=4.381 Z=190.056,0.044747
X=213.969 Y=4.559 Z=190.354,0.043694
X=214.022 Y=4.611 Z=190.566,0.045459
X=214.080 Y=4.617 Z=190.735,0.044255
X=214.134 Y=4.642 Z=190.938,0.04367
X=214.137 Y=4.610 Z=191.202,0.044683
X=214.200 Y=4.596 Z=191.357,0.044957
X=214.255 Y=4.627 Z=191.427,0.043794
X=214.244 Y=4.605 Z=191.488,0.045439
X=214.224 Y=4.592 Z=191.540,0.044535
X=214.226 Y=4.556 Z=191.579,0.043805
X=214.189 Y=4.472 Z=191.573,0.045919
X=214.144 Y=4.373 Z=191.526,0.045124
X=214.047 Y=4.268 Z=191.471,0.045398
X=213.933 Y=4.197 Z=191.433,0.042914
X=213.895 Y=4.113 Z=191.433,0.045221
X=213.874 Y=3.973 Z=191.375,0.044242
X=213.813 Y=3.891 Z=191.383,0.044104
X=213.785 Y=3.786 Z=191.385,0.044705
X=213.773 Y=3.726 Z=191.380,0.043909
X=213.788 Y=3.642 Z=191.380,0.046049
X=213.800 Y=3.577 Z=191.368,0.043416
X=213.799 Y=3.532 Z=191.358,0.043929
X=213.820 Y=3.430 Z=191.341,0.04425
X=213.855 Y=3.335 Z=191.321,0.045097
X=213.926 Y=3.251 Z=191.309,0.043999
X=213.957 Y=3.128 Z=191.297,0.043952
X=213.984 Y=3.042 Z=191.287,0.044781
X=214.015 Y=2.967 Z=191.294,0.045152
X=214.049 Y=2.921 Z=191.303,0.044504
X=214.132 Y=2.875 Z=191.276,0.044442
X=214.131 Y=2.826 Z=191.286,0.04515
X=214.148 Y=2.775 Z=191.313,0.042607
X=214.125 Y=2.736 Z=191.321,0.047405
X=214.111 Y=2.664 Z=191.328,0.044945
X=214.048 Y=2.600 Z=191.240,0.042729
X=213.963 Y=2.517 Z=191.161,0.04364
X=213.852 Y=2.418 Z=191.120,0.044915
X=213.735 Y=2.361 Z=191.080,0.044365
X=213.666 Y=2.252 Z=191.049,0.04487
X=213.551 Y=2.111 Z=191.016,0.043818
X=213.448 Y=2.030 Z=190.966,0.04419
X=213.349 Y=1.997 Z=190.922,0.045006
X=213.238 Y=1.980 Z=190.887,0.044559
X=213.170 Y=1.923 Z=190.843,0.043636
X=213.072 Y=1.870 Z=190.801,0.044611
X=212.971 Y=1.878 Z=190.813,0.044985
X=212.846 Y=1.878 Z=190.811,0.044487
X=212.772 Y=1.833 Z=190.783,0.043873
X=212.704 Y=1.786 Z=190.726,0.044717
X=212.659 Y=1.788 Z=190.701,0.044211
X=212.582 Y=1.788 Z=190.703,0.044313
X=212.551 Y=1.803 Z=190.719,0.044346
X=212.489 Y=1.828 Z=190.754,0.044165
X=212.397 Y=1.833 Z=190.752,0.04576
X=212.301 Y=1.869 Z=190.767,0.044294
X=212.201 Y=1.900 Z=190.746,0.043726
X=212.098 Y=1.925 Z=190.729,0.045608
X=211.972 Y=1.977 Z=190.704,0.045618
X=211.827 Y=2.018 Z=190.674,0.042735
X=211.756 Y=2.030 Z=190.646,0.044286
X=211.681 Y=1.997 Z=190.617,0.044571
X=211.594 Y=1.955 Z=190.573,0.044306
X=211.519 Y=1.891 Z=190.536,0.044257
X=211.457 Y=1.779 Z=190.516,0.044587
X=211.406 Y=1.722 Z=190.509,0.045189
X=211.309 Y=1.672 Z=190.495,0.043899
X=211.259 Y=1.618 Z=190.487,0.043396
X=211.257 Y=1.545 Z=190.441,0.045105
X=211.192 Y=1.496 Z=190.406,0.045697
X=211.192 Y=1.442 Z=190.380,0.043839
X=211.123 Y=1.411 Z=190.328,0.044735
X=211.144 Y=1.434 Z=190.259,0.044864
X=211.160 Y=1.468 Z=190.166,0.042889
X=211.192 Y=1.497 Z=190.134,0.044355
X=211.216 Y=1.454 Z=190.113,0.045531
X=211.196 Y=1.418 Z=190.112,0.043979
X=211.201 Y=1.363 Z=190.119,0.044029
X=211.234 Y=1.276 Z=190.127,0.044394
X=211.266 Y=1.181 Z=190.117,0.04518
X=211.304 Y=1.148 Z=190.136,0.043366
X=211.290 Y=1.137 Z=190.147,0.04504
X=211.313 Y=1.134 Z=190.154,0.044053
X=211.331 Y=1.119 Z=190.165,0.044094
X=211.357 Y=1.122 Z=190.205,0.044864
X=211.374 Y=1.105 Z=190.229,0.0444
X=211.352 Y=1.084 Z=190.224,0.04365
X=211.346 Y=1.062 Z=190.223,0.045443
X=211.393 Y=1.096 Z=190.225,0.043779
X=211.398 Y=1.045 Z=190.219,0.044403
X=211.362 Y=1.064 Z=190.221,0.04446
X=211.396 Y=1.006 Z=190.225,0.045375
X=211.418 Y=0.968 Z=190.238,0.044007
X=211.454 Y=0.919 Z=190.267,0.04472
X=211.535 Y=0.921 Z=190.293,0.044071
X=211.552 Y=0.915 Z=190.314,0.043886
X=211.622 Y=0.898 Z=190.328,0.044909
X=211.679 Y=0.885 Z=190.330,0.045162
X=211.734 Y=0.849 Z=190.313,0.043879
X=211.813 Y=0.746 Z=190.284,0.045055
X=211.918 Y=0.668 Z=190.292,0.044794
X=212.004 Y=0.601 Z=190.259,0.045237
X=212.042 Y=0.587 Z=190.274,0.043869
X=212.070 Y=0.526 Z=190.291,0.04523
X=212.124 Y=0.452 Z=190.278,0.043409
X=212.185 Y=0.373 Z=190.253,0.043832
X=212.264 Y=0.305 Z=190.241,0.044849
X=212.297 Y=0.284 Z=190.230,0.044164
X=212.332 Y=0.293 Z=190.252,0.04541
X=212.327 Y=0.238 Z=190.222,0.044593
X=212.340 Y=0.219 Z=190.204,0.044086
X=212.408 Y=0.163 Z=190.192,0.044689
X=212.461 Y=0.173 Z=190.182,0.043423
X=212.449 Y=0.149 Z=190.184,0.045313
X=212.510 Y=0.109 Z=190.185,0.04383
X=212.525 Y=0.045 Z=190.163,0.045822
X=212.520 Y=0.024 Z=190.152,0.043567
X=212.508 Y=-0.017 Z=190.142,0.04364
X=212.572 Y=-0.083 Z=190.116,0.044697
X=212.602 Y=-0.204 Z=190.130,0.044369
X=212.579 Y=-0.363 Z=190.106,0.045056
X=212.587 Y=-0.518 Z=190.082,0.044477
X=212.576 Y=-0.711 Z=190.035,0.045018
X=212.606 Y=-0.923 Z=189.969,0.042146
X=212.624 Y=-1.117 Z=189.911,0.044195
X=212.627 Y=-1.237 Z=189.841,0.04516
X=212.622 Y=-1.320 Z=189.783,0.044033
X=212.637 Y=-1.372 Z=189.751,0.046511
X=212.607 Y=-1.447 Z=189.700,0.043237
X=212.581 Y=-1.522 Z=189.655,0.044869
X=212.517 Y=-1.511 Z=189.628,0.043567
X=212.468 Y=-1.414 Z=189.599,0.044405
X=212.411 Y=-1.308 Z=189.577,0.044097
X=212.361 Y=-1.244 Z=189.554,0.045215
X=212.270 Y=-1.184 Z=189.527,0.043975
X=212.195 Y=-1.157 Z=189.503,0.04417
X=212.125 Y=-1.156 Z=189.495,0.04517
X=212.037 Y=-1.140 Z=189.479,0.04349
X=211.958 Y=-1.168 Z=189.464,0.044903
X=211.901 Y=-1.102 Z=189.464,0.044385
X=211.841 Y=-1.073 Z=189.466,0.044295
X=211.752 Y=-1.040 Z=189.456,0.044676
X=211.677 Y=-0.918 Z=189.445,0.043884
X=211.644 Y=-0.844 Z=189.449,0.0439
X=211.595 Y=-0.785 Z=189.450,0.045664
X=211.588 Y=-0.736 Z=189.460,0.045505
X=211.568 Y=-0.695 Z=189.446,0.043197
X=211.557 Y=-0.681 Z=189.449,0.044762
X=211.532 Y=-0.606 Z=189.448,0.044943
X=211.498 Y=-0.581 Z=189.469,0.043118
X=211.537 Y=-0.553 Z=189.478,0.044834
X=211.569 Y=-0.560 Z=189.472,0.04499
X=211.564 Y=-0.555 Z=189.479,0.044248
X=211.557 Y=-0.552 Z=189.502,0.04464
X=211.541 Y=-0.538 Z=189.531,0.043056
X=211.567 Y=-0.556 Z=189.540,0.045047
X=211.621 Y=-0.548 Z=189.539,0.045801
X=211.640 Y=-0.593 Z=189.483,0.043538
X=211.639 Y=-0.691 Z=189.500,0.044751
X=211.684 Y=-0.799 Z=189.480,0.044317
X=211.715 Y=-0.967 Z=189.455,0.043634
X=211.756 Y=-1.115 Z=189.427,0.043818
X=211.802 Y=-1.253 Z=189.383,0.045202
X=211.820 Y=-1.337 Z=189.326,0.045134
X=211.831 Y=-1.495 Z=189.304,0.043627
X=211.849 Y=-1.670 Z=189.265,0.044709
X=211.871 Y=-1.844 Z=189.232,0.044198
X=211.874 Y=-1.944 Z=189.334,0.044398
X=211.933 Y=-2.005 Z=189.400,0.044593
X=212.003 Y=-2.170 Z=189.440,0.044937
X=212.090 Y=-2.507 Z=189.457,0.043578
X=212.211 Y=-2.897 Z=189.439,0.050222
X=212.324 Y=-3.254 Z=189.363,0.040438
X=212.399 Y=-3.575 Z=189.275,0.042612
X=212.547 Y=-3.953 Z=189.178,0.045408
X=212.685 Y=-4.320 Z=189.075,0.045211
X=212.836 Y=-4.680 Z=189.033,0.04441
X=212.938 Y=-4.924 Z=188.976,0.043834
X=212.990 Y=-5.136 Z=188.912,0.045099
X=213.059 Y=-5.369 Z=188.859,0.044873
X=213.113 Y=-5.573 Z=188.788,0.042416
X=213.106 Y=-5.678 Z=188.736,0.046211
X=213.093 Y=-5.841 Z=188.684,0.043537
X=213.066 Y=-5.984 Z=188.626,0.044423
X=213.019 Y=-6.073 Z=188.588,0.044156
X=212.989 Y=-6.167 Z=188.540,0.044911
X=212.932 Y=-6.242 Z=188.482,0.043708
X=212.897 Y=-6.315 Z=188.454,0.044363
X=212.867 Y=-6.352 Z=188.439,0.046597
X=212.884 Y=-6.367 Z=188.429,0.043254
X=212.894 Y=-6.378 Z=188.450,0.044912
X=212.879 Y=-6.340 Z=188.422,0.040318
X=212.829 Y=-6.306 Z=188.440,0.044424
X=212.788 Y=-6.233 Z=188.446,0.044627
X=212.785 Y=-6.197 Z=188.476,0.043604
X=212.752 Y=-6.178 Z=188.498,0.044658
X=212.733 Y=-6.170 Z=188.537,0.044999
X=212.705 Y=-6.093 Z=188.539,0.043544
X=212.683 Y=-6.034 Z=188.546,0.044765
X=212.651 Y=-5.943 Z=188.545,0.045135
X=212.607 Y=-5.841 Z=188.578,0.044475
X=212.589 Y=-5.778 Z=188.588,0.043912
X=212.586 Y=-5.731 Z=188.584,0.044237
X=212.544 Y=-5.662 Z=188.597,0.045075
X=212.482 Y=-5.584 Z=188.591,0.043748
X=212.341 Y=-5.361 Z=188.582,0.045714
X=212.160 Y=-5.022 Z=188.597,0.042854
X=212.037 Y=-4.715 Z=188.610,0.045937
X=211.845 Y=-4.396 Z=188.611,0.044395
X=211.616 Y=-3.972 Z=188.626,0.043922
X=211.313 Y=-3.336 Z=188.607,0.04364
X=211.123 Y=-2.707 Z=188.621,0.044063
X=210.991 Y=-2.217 Z=188.665,0.045103
X=210.872 Y=-1.795 Z=188.737,0.044638
X=210.752 Y=-1.435 Z=188.776,0.043292
X=210.703 Y=-1.149 Z=188.858,0.044103
X=210.630 Y=-0.904 Z=188.921,0.045346
X=210.572 Y=-0.730 Z=188.967,0.044003
X=210.508 Y=-0.615 Z=188.999,0.043886
X=210.397 Y=-0.514 Z=189.030,0.045912
X=210.347 Y=-0.418 Z=189.064,0.043339
X=210.251 Y=-0.322 Z=189.066,0.044473
X=210.154 Y=-0.202 Z=189.097,0.044243
X=210.096 Y=-0.081 Z=189.115,0.045265
X=210.064 Y=0.023 Z=189.135,0.044229
X=210.049 Y=0.061 Z=189.138,0.043562
X=210.011 Y=0.128 Z=189.133,0.044291
X=209.988 Y=0.164 Z=189.121,0.045636
X=209.976 Y=0.223 Z=189.127,0.043645
X=209.959 Y=0.234 Z=189.138,0.043655
X=209.973 Y=0.263 Z=189.159,0.046457
X=209.980 Y=0.300 Z=189.170,0.043105
X=210.017 Y=0.310 Z=189.162,0.043678
X=210.089 Y=0.274 Z=189.151,0.046942
X=210.138 Y=0.236 Z=189.169,0.042606
X=210.159 Y=0.181 Z=189.199,0.045119
X=210.245 Y=0.101 Z=189.222,0.043441
X=210.271 Y=0.007 Z=189.230,0.044411
X=210.327 Y=-0.038 Z=189.213,0.04607
X=210.347 Y=-0.071 Z=189.204,0.04284
X=210.387 Y=-0.099 Z=189.196,0.043739
X=210.408 Y=-0.172 Z=189.184,0.045099
X=210.471 Y=-0.210 Z=189.199,0.044323
X=210.516 Y=-0.321 Z=189.218,0.043978
X=210.551 Y=-0.399 Z=189.230,0.044957
X=210.560 Y=-0.504 Z=189.235,0.044352
X=210.544 Y=-0.702 Z=189.226,0.044402
X=210.555 Y=-0.979 Z=189.219,0.046914
X=210.555 Y=-1.360 Z=189.181,0.043268
X=210.557 Y=-1.899 Z=189.112,0.044874
X=210.643 Y=-2.667 Z=189.021,0.0436
X=210.827 Y=-3.460 Z=188.878,0.044313
X=211.032 Y=-4.213 Z=188.737,0.045071
X=211.283 Y=-4.951 Z=188.613,0.04467
X=211.514 Y=-5.583 Z=188.484,0.045669
X=211.735 Y=-6.040 Z=188.345,0.046381
X=211.994 Y=-6.468 Z=188.217,0.046212
X=212.220 Y=-6.832 Z=188.128,0.045602
X=212.406 Y=-7.224 Z=188.062,0.046512
X=212.648 Y=-7.617 Z=188.013,0.045613
X=212.816 Y=-7.885 Z=187.946,0.045218
X=212.954 Y=-8.175 Z=187.864,0.055555
X=213.161 Y=-8.405 Z=187.817,0.05229
X=213.335 Y=-8.569 Z=187.753,0.05588
X=213.534 Y=-8.696 Z=187.709,0.056153
X=213.733 Y=-8.768 Z=187.688,0.055053
X=213.917 Y=-8.852 Z=187.655,0.056044
X=214.128 Y=-8.943 Z=187.620,0.05661
X=214.340 Y=-9.015 Z=187.611,0.054877
X=214.549 Y=-9.074 Z=187.600,0.054731
X=214.800 Y=-9.106 Z=187.615,0.055791
X=215.001 Y=-9.106 Z=187.636,0.055937
X=215.263 Y=-9.140 Z=187.637,0.055063
X=215.440 Y=-9.150 Z=187.646,0.055412
X=215.606 Y=-9.211 Z=187.636,0.055583
X=215.706 Y=-9.266 Z=187.614,0.054954
X=215.800 Y=-9.277 Z=187.604,0.056733
X=215.846 Y=-9.254 Z=187.604,0.057156
X=215.710 Y=-9.208 Z=187.633,0.053237
X=215.312 Y=-8.926 Z=187.696,0.055704
X=214.503 Y=-8.422 Z=187.727,0.055738
X=212.970 Y=-7.356 Z=187.670,0.055243
X=211.355 Y=-5.793 Z=187.739,0.056415
X=210.566 Y=-4.151 Z=188.045,0.056065
X=210.259 Y=-2.890 Z=188.370,0.055728
X=210.271 Y=-2.081 Z=188.670,0.053775
X=210.364 Y=-1.584 Z=188.777,0.054934
X=210.399 Y=-1.201 Z=188.975,0.055327
X=210.489 Y=-0.844 Z=189.239,0.056446
X=210.545 Y=-0.426 Z=189.672,0.055044
X=210.611 Y=-0.037 Z=190.094,0.055993
X=210.733 Y=0.343 Z=190.484,0.054501
X=210.938 Y=0.634 Z=190.719,0.056163
X=211.019 Y=0.792 Z=190.978,0.055284
X=211.093 Y=0.859 Z=191.153,0.055713
X=211.156 Y=0.873 Z=191.268,0.054715
X=211.185 Y=0.887 Z=191.354,0.057229
X=211.174 Y=0.989 Z=191.468,0.053872
X=211.097 Y=1.061 Z=191.569,0.056346
X=211.071 Y=1.218 Z=191.581,0.0546
X=210.963 Y=1.299 Z=191.505,0.056475
X=210.697 Y=1.364 Z=191.484,0.05596
X=210.484 Y=1.385 Z=191.426,0.055039
X=210.227 Y=1.371 Z=191.321,0.055737
X=210.003 Y=1.306 Z=191.264,0.055544
X=209.750 Y=1.233 Z=191.169,0.056443
X=209.495 Y=1.146 Z=191.196,0.054112
X=209.246 Y=0.985 Z=191.182,0.055994
X=209.091 Y=0.776 Z=191.214,0.055816
X=208.951 Y=0.541 Z=191.255,0.054982
X=208.762 Y=0.294 Z=191.263,0.05505
X=208.642 Y=0.128 Z=191.251,0.056199
X=208.530 Y=0.039 Z=191.267,0.055418
X=208.384 Y=-0.106 Z=191.277,0.058544
X=208.279 Y=-0.372 Z=191.286,0.055941
X=208.245 Y=-0.709 Z=191.338,0.055689
X=208.104 Y=-1.138 Z=191.221,0.055367
X=207.857 Y=-1.708 Z=190.965,0.056499
X=207.799 Y=-2.426 Z=190.651,0.054842
X=207.915 Y=-3.347 Z=190.374,0.054769
X=208.165 Y=-4.207 Z=190.038,0.057192
X=208.558 Y=-5.076 Z=189.768,0.056592
X=208.907 Y=-5.688 Z=189.450,0.054988
X=209.121 Y=-6.118 Z=189.201,0.056761
X=209.199 Y=-6.349 Z=189.002,0.054115
X=209.190 Y=-6.466 Z=188.861,0.056047
X=209.192 Y=-6.592 Z=188.778,0.054044
X=209.194 Y=-6.665 Z=188.698,0.055826
X=209.337 Y=-6.822 Z=188.641,0.05557
X=209.621 Y=-7.120 Z=188.590,0.05644
X=209.796 Y=-7.281 Z=188.465,0.054519
X=209.842 Y=-7.415 Z=188.384,0.057345
X=209.838 Y=-7.441 Z=188.374,0.05514
X=209.740 Y=-7.421 Z=188.341,0.055808
X=209.479 Y=-7.361 Z=188.304,0.054561
X=209.220 Y=-7.257 Z=188.218,0.056125
X=208.958 Y=-7.140 Z=188.189,0.055364
X=208.694 Y=-6.991 Z=188.206,0.055544
X=208.415 Y=-6.765 Z=188.240,0.055634
X=208.275 Y=-6.614 Z=188.302,0.055747
X=208.116 Y=-6.472 Z=188.303,0.055565
X=207.856 Y=-6.188 Z=188.331,0.054423
X=207.171 Y=-5.448 Z=188.390,0.056708
X=206.172 Y=-4.175 Z=188.349,0.063025
X=205.504 Y=-2.676 Z=188.596,0.048547
X=205.604 Y=-1.605 Z=188.842,0.054051
X=206.130 Y=-0.893 Z=189.089,0.056572
X=206.644 Y=-0.548 Z=189.486,0.05459
X=207.070 Y=-0.352 Z=189.848,0.055629
X=207.481 Y=-0.169 Z=190.082,0.056159
X=207.883 Y=-0.036 Z=190.186,0.054933
X=208.313 Y=0.164 Z=190.309,0.054741
X=208.722 Y=0.401 Z=190.411,0.05554
X=209.045 Y=0.700 Z=190.582,0.055949
X=209.358 Y=0.984 Z=190.562,0.055014
X=209.584 Y=1.312 Z=190.622,0.055429
X=209.845 Y=1.551 Z=190.707,0.05727
X=210.107 Y=1.809 Z=190.759,0.055001
X=210.270 Y=2.003 Z=190.774,0.055252
X=210.437 Y=2.095 Z=190.738,0.054679
X=210.487 Y=2.084 Z=190.653,0.056175
X=210.531 Y=2.057 Z=190.447,0.054659
X=210.607 Y=2.088 Z=190.351,0.055406
X=210.662 Y=2.010 Z=190.298,0.056549
X=210.716 Y=1.987 Z=190.292,0.055629
X=210.785 Y=1.905 Z=190.350,0.055912
X=210.830 Y=1.855 Z=190.404,0.054556
X=210.805 Y=1.826 Z=190.425,0.057628
X=210.749 Y=1.715 Z=190.397,0.056068
X=210.661 Y=1.652 Z=190.372,0.055303
X=210.584 Y=1.653 Z=190.343,0.055497
X=210.526 Y=1.569 Z=190.331,0.055543
X=210.498 Y=1.545 Z=190.315,0.056003
X=210.448 Y=1.491 Z=190.268,0.055094
X=210.357 Y=1.464 Z=190.257,0.055717
X=210.344 Y=1.426 Z=190.230,0.054726
X=210.312 Y=1.408 Z=190.218,0.055444
X=210.253 Y=1.374 Z=190.203,0.056215
X=210.195 Y=1.384 Z=190.211,0.054834
X=210.159 Y=1.332 Z=190.216,0.055475
X=210.149 Y=1.303 Z=190.212,0.056095
X=210.134 Y=1.279 Z=190.215,0.055302
X=210.097 Y=1.307 Z=190.217,0.056886
X=210.134 Y=1.267 Z=190.205,0.054641
X=210.163 Y=1.206 Z=190.179,0.055597
X=210.165 Y=1.127 Z=190.152,0.053542
X=210.220 Y=1.030 Z=190.141,0.05494
X=210.280 Y=0.914 Z=190.111,0.056628
X=210.286 Y=0.913 Z=190.108,0.055682
X=210.289 Y=0.827 Z=190.045,0.055408
X=210.296 Y=0.843 Z=190.034,0.055089
X=210.341 Y=0.840 Z=190.018,0.054924
X=210.371 Y=0.816 Z=189.993,0.056043
X=210.407 Y=0.810 Z=189.980,0.056048
X=210.429 Y=0.825 Z=189.974,0.05443
X=210.489 Y=0.764 Z=189.990,0.055653
X=210.505 Y=0.687 Z=189.999,0.055888
X=210.570 Y=0.634 Z=190.004,0.055452
X=210.625 Y=0.584 Z=190.005,0.055864
X=210.670 Y=0.568 Z=190.019,0.05506
X=210.689 Y=0.555 Z=190.030,0.056097
X=210.729 Y=0.565 Z=190.036,0.055393
X=210.661 Y=0.559 Z=190.040,0.055715
X=210.654 Y=0.522 Z=190.042,0.057696
X=210.636 Y=0.552 Z=190.018,0.055126
X=210.614 Y=0.570 Z=190.019,0.055483
X=210.581 Y=0.559 Z=190.011,0.056687
X=210.542 Y=0.598 Z=190.019,0.054975
X=210.492 Y=0.552 Z=190.013,0.055954
X=210.459 Y=0.542 Z=190.003,0.055685
X=210.427 Y=0.586 Z=190.003,0.054725
X=210.401 Y=0.667 Z=189.987,0.055776
X=210.334 Y=0.707 Z=189.977,0.055232
X=210.309 Y=0.783 Z=189.954,0.056338
X=210.278 Y=0.854 Z=189.920,0.055062
X=210.252 Y=0.885 Z=189.890,0.055194
X=210.191 Y=0.918 Z=189.878,0.055807
X=210.171 Y=0.897 Z=189.867,0.056423
X=210.131 Y=0.891 Z=189.869,0.054229
X=210.094 Y=0.921 Z=189.835,0.055872
X=210.079 Y=0.889 Z=189.804,0.055371
X=210.079 Y=0.882 Z=189.795,0.056573
X=210.094 Y=0.884 Z=189.797,0.031363
X=210.063 Y=0.917 Z=189.800,0.03707
X=210.092 Y=0.917 Z=189.811,0.04366
X=210.121 Y=0.877 Z=189.812,0.044471
X=210.135 Y=0.865 Z=189.837,0.043777
X=210.128 Y=0.867 Z=189.832,0.04471
X=210.137 Y=0.844 Z=189.829,0.044556
X=210.124 Y=0.826 Z=189.826,0.043572
X=210.114 Y=0.814 Z=189.825,0.045986
X=210.115 Y=0.791 Z=189.813,0.042801
X=210.131 Y=0.754 Z=189.806,0.046186
X=210.125 Y=0.672 Z=189.773,0.044095
X=210.089 Y=0.634 Z=189.769,0.045031
X=210.057 Y=0.616 Z=189.760,0.043466
X=210.060 Y=0.588 Z=189.763,0.044571
X=210.047 Y=0.573 Z=189.758,0.043722
X=210.022 Y=0.598 Z=189.754,0.044178
X=210.016 Y=0.603 Z=189.746,0.045093
X=209.986 Y=0.615 Z=189.753,0.044395
X=209.986 Y=0.629 Z=189.754,0.044414
X=209.915 Y=0.662 Z=189.767,0.044167
X=209.944 Y=0.663 Z=189.762,0.044421
X=209.960 Y=0.671 Z=189.753,0.040817
X=209.917 Y=0.641 Z=189.735,0.044409
X=209.943 Y=0.655 Z=189.724,0.044279
X=209.898 Y=0.662 Z=189.709,0.044252
X=209.923 Y=0.638 Z=189.705,0.044681
X=209.910 Y=0.606 Z=189.691,0.044848
X=209.917 Y=0.594 Z=189.691,0.044441
X=209.898 Y=0.616 Z=189.687,0.043594
X=209.945 Y=0.600 Z=189.674,0.044097
X=209.999 Y=0.557 Z=189.674,0.044956
X=210.006 Y=0.514 Z=189.666,0.0447
X=210.018 Y=0.434 Z=189.678,0.045775
X=210.082 Y=0.376 Z=189.673,0.042699
X=210.086 Y=0.325 Z=189.647,0.044941
X=210.125 Y=0.245 Z=189.644,0.044402
X=210.153 Y=0.144 Z=189.657,0.043993
X=210.229 Y=0.023 Z=189.657,0.044831
X=210.363 Y=-0.151 Z=189.645,0.043729
X=210.460 Y=-0.288 Z=189.637,0.045002
X=210.570 Y=-0.426 Z=189.627,0.045188
X=210.682 Y=-0.567 Z=189.621,0.044149
X=210.737 Y=-0.746 Z=189.599,0.043509
X=210.825 Y=-0.948 Z=189.585,0.045932
X=210.875 Y=-1.206 Z=189.532,0.043776
X=211.037 Y=-1.579 Z=189.486,0.04532
X=211.138 Y=-2.020 Z=189.414,0.044626
X=211.230 Y=-2.494 Z=189.337,0.043434
X=211.303 Y=-2.999 Z=189.273,0.045691
X=211.372 Y=-3.685 Z=189.228,0.043477
X=211.515 Y=-4.282 Z=189.002,0.045433
X=211.634 Y=-4.820 Z=188.684,0.044904
X=211.731 Y=-5.291 Z=188.471,0.043107
X=211.864 Y=-5.733 Z=188.265,0.045054
X=212.052 Y=-6.177 Z=188.029,0.04475
X=212.183 Y=-6.520 Z=187.871,0.044988
X=212.316 Y=-6.792 Z=187.778,0.042912
X=212.313 Y=-7.014 Z=187.685,0.045645
X=212.208 Y=-7.203 Z=187.550,0.043427
X=212.105 Y=-7.350 Z=187.403,0.045746
X=211.995 Y=-7.464 Z=187.233,0.044128
X=211.877 Y=-7.526 Z=187.143,0.046394
X=211.865 Y=-7.601 Z=187.088,0.041155
X=211.862 Y=-7.723 Z=187.045,0.045263
X=211.892 Y=-7.865 Z=186.989,0.044433
X=211.938 Y=-7.911 Z=186.950,0.043667
X=212.035 Y=-7.979 Z=186.939,0.045638
X=212.148 Y=-7.980 Z=186.939,0.044797
X=212.229 Y=-8.040 Z=186.986,0.043681
X=212.360 Y=-8.071 Z=187.044,0.045274
X=212.436 Y=-8.078 Z=187.084,0.04758
X=212.553 Y=-8.088 Z=187.107,0.04158
X=212.653 Y=-8.073 Z=187.115,0.044212
X=212.800 Y=-8.026 Z=187.170,0.043871
X=212.870 Y=-7.972 Z=187.210,0.045111
X=212.956 Y=-7.945 Z=187.288,0.043393
X=212.998 Y=-7.928 Z=187.341,0.044268
X=213.003 Y=-7.882 Z=187.374,0.046469
X=212.970 Y=-7.800 Z=187.396,0.0423
X=212.927 Y=-7.717 Z=187.426,0.044768
X=212.912 Y=-7.627 Z=187.440,0.045051
X=212.767 Y=-7.454 Z=187.432,0.04367
X=212.407 Y=-7.080 Z=187.360,0.044894
X=211.884 Y=-6.489 Z=187.127,0.044707
X=211.305 Y=-5.838 Z=186.910,0.044268
X=210.915 Y=-5.138 Z=186.810,0.044522
X=210.627 Y=-4.539 Z=186.716,0.044985
X=210.491 Y=-4.004 Z=186.687,0.043144
X=210.379 Y=-3.575 Z=186.687,0.045235
X=210.242 Y=-3.104 Z=186.758,0.044212
X=210.179 Y=-2.626 Z=186.865,0.04684
X=210.208 Y=-2.224 Z=187.018,0.041686
X=210.241 Y=-1.837 Z=187.127,0.044672
X=210.216 Y=-1.507 Z=187.219,0.043829
X=210.202 Y=-1.224 Z=187.293,0.045339
X=210.172 Y=-1.031 Z=187.370,0.042837
X=210.138 Y=-0.877 Z=187.403,0.045792
X=210.099 Y=-0.702 Z=187.459,0.043878
X=210.113 Y=-0.588 Z=187.514,0.044572
X=210.071 Y=-0.458 Z=187.584,0.044318
X=210.031 Y=-0.346 Z=187.662,0.043671
X=209.983 Y=-0.287 Z=187.737,0.04545
X=209.909 Y=-0.282 Z=187.789,0.043956
X=209.840 Y=-0.271 Z=187.812,0.044896
X=209.767 Y=-0.272 Z=187.842,0.043971
X=209.710 Y=-0.278 Z=187.858,0.045171
X=209.668 Y=-0.282 Z=187.895,0.043132
X=209.590 Y=-0.310 Z=187.918,0.045914
X=209.530 Y=-0.342 Z=187.953,0.043638
X=209.473 Y=-0.386 Z=187.980,0.044187
X=209.413 Y=-0.377 Z=187.991,0.044726
X=209.344 Y=-0.403 Z=188.009,0.044846
X=209.297 Y=-0.391 Z=188.041,0.045208
X=209.207 Y=-0.390 Z=188.063,0.043355
X=209.154 Y=-0.437 Z=188.082,0.045513
X=209.094 Y=-0.474 Z=188.081,0.045589
X=209.048 Y=-0.481 Z=188.103,0.041938
X=209.003 Y=-0.486 Z=188.111,0.045033
X=208.964 Y=-0.459 Z=188.131,0.044819
X=208.943 Y=-0.479 Z=188.138,0.045016
X=208.929 Y=-0.508 Z=188.135,0.043862
X=208.913 Y=-0.537 Z=188.132,0.044226
X=208.909 Y=-0.505 Z=188.148,0.044425
X=208.898 Y=-0.497 Z=188.155,0.045559
X=208.868 Y=-0.499 Z=188.170,0.043368
X=208.853 Y=-0.474 Z=188.188,0.044018
X=208.859 Y=-0.441 Z=188.199,0.044251
X=208.847 Y=-0.451 Z=188.209,0.044798
X=208.879 Y=-0.398 Z=188.233,0.044359
X=208.895 Y=-0.379 Z=188.242,0.044084
X=208.906 Y=-0.366 Z=188.265,0.045114
X=208.964 Y=-0.391 Z=188.295,0.04494
X=209.009 Y=-0.417 Z=188.325,0.04383
X=209.050 Y=-0.387 Z=188.366,0.045869
X=209.102 Y=-0.362 Z=188.375,0.04479
X=209.130 Y=-0.343 Z=188.415,0.044682
X=209.166 Y=-0.405 Z=188.447,0.043598
X=209.202 Y=-0.409 Z=188.467,0.044326
X=209.265 Y=-0.406 Z=188.495,0.044457
X=209.303 Y=-0.423 Z=188.527,0.044121
X=209.368 Y=-0.421 Z=188.561,0.043872
X=209.396 Y=-0.442 Z=188.607,0.045091
X=209.437 Y=-0.448 Z=188.620,0.044296
X=209.419 Y=-0.419 Z=188.656,0.044742
X=209.446 Y=-0.420 Z=188.680,0.044486
X=209.492 Y=-0.402 Z=188.703,0.045064
X=209.521 Y=-0.364 Z=188.740,0.043609
X=209.589 Y=-0.315 Z=188.815,0.044744
X=209.674 Y=-0.226 Z=188.919,0.045299
X=209.730 Y=-0.172 Z=189.001,0.043242
X=209.821 Y=-0.115 Z=189.069,0.044008
X=209.905 Y=-0.043 Z=189.130,0.044548
X=209.969 Y=0.053 Z=189.185,0.044784
X=210.046 Y=0.120 Z=189.217,0.044294
X=210.149 Y=0.205 Z=189.235,0.044231
X=210.191 Y=0.283 Z=189.251,0.044571
X=210.297 Y=0.326 Z=189.292,0.046016
X=210.381 Y=0.373 Z=189.359,0.045158
X=210.492 Y=0.465 Z=189.427,0.044087
X=210.582 Y=0.513 Z=189.485,0.04425
X=210.660 Y=0.586 Z=189.524,0.044475
X=210.706 Y=0.667 Z=189.569,0.044313
X=210.808 Y=0.725 Z=189.626,0.043565
X=210.929 Y=0.801 Z=189.715,0.04428
X=210.991 Y=0.887 Z=189.856,0.045244
X=211.053 Y=0.952 Z=189.964,0.043406
X=211.113 Y=1.047 Z=190.064,0.04644
X=211.167 Y=1.108 Z=190.069,0.042955
X=211.207 Y=1.174 Z=190.023,0.045253
X=211.149 Y=1.199 Z=190.016,0.045109
X=211.123 Y=1.272 Z=189.963,0.044546
X=211.127 Y=1.392 Z=189.970,0.04361
X=211.154 Y=1.491 Z=190.006,0.044081
X=211.194 Y=1.578 Z=190.055,0.044253
X=211.262 Y=1.627 Z=190.083,0.04548
X=211.319 Y=1.690 Z=190.074,0.044326
X=211.428 Y=1.771 Z=190.078,0.044254
X=211.488 Y=1.843 Z=190.082,0.045781
X=211.509 Y=1.910 Z=190.101,0.042385
X=211.568 Y=2.009 Z=190.158,0.044898
X=211.694 Y=2.073 Z=190.221,0.045501
X=211.874 Y=2.167 Z=190.214,0.043482
X=212.002 Y=2.220 Z=190.236,0.044116
X=212.125 Y=2.220 Z=190.283,0.043914
X=212.229 Y=2.197 Z=190.399,0.044462
X=212.379 Y=2.250 Z=190.462,0.044941
X=212.534 Y=2.214 Z=190.579,0.043637
X=212.703 Y=2.217 Z=190.713,0.046232
X=212.879 Y=2.294 Z=190.841,0.043347
X=213.033 Y=2.272 Z=190.981,0.045132
X=213.146 Y=2.251 Z=191.055,0.043477
X=213.191 Y=2.228 Z=191.119,0.044441
X=213.244 Y=2.174 Z=191.111,0.04458
X=213.232 Y=2.139 Z=191.116,0.045096
X=213.231 Y=2.108 Z=191.090,0.044708
X=213.239 Y=2.045 Z=191.010,0.043039
X=213.264 Y=2.019 Z=190.969,0.045423
X=213.287 Y=1.974 Z=190.911,0.043521
X=213.318 Y=1.891 Z=190.974,0.046123
X=213.328 Y=1.832 Z=191.001,0.042795
X=213.250 Y=1.825 Z=191.056,0.045063
X=213.165 Y=1.811 Z=191.083,0.044358
X=213.103 Y=1.805 Z=191.031,0.044862
X=213.038 Y=1.754 Z=190.938,0.043609
X=212.943 Y=1.704 Z=190.842,0.045719
X=212.898 Y=1.624 Z=190.755,0.042854
X=212.808 Y=1.568 Z=190.711,0.045652
X=212.751 Y=1.466 Z=190.691,0.043137
X=212.692 Y=1.376 Z=190.722,0.045247
X=212.604 Y=1.240 Z=190.673,0.043988
X=212.550 Y=1.151 Z=190.670,0.044214
X=212.498 Y=1.019 Z=190.676,0.04584
X=212.458 Y=0.903 Z=190.674,0.044574
X=212.360 Y=0.806 Z=190.705,0.044556
X=212.343 Y=0.737 Z=190.680,0.043855
X=212.309 Y=0.628 Z=190.661,0.04484
X=212.249 Y=0.513 Z=190.606,0.043156
X=212.147 Y=0.409 Z=190.513,0.044666
X=212.093 Y=0.377 Z=190.486,0.044998
X=212.028 Y=0.311 Z=190.495,0.044072
X=212.027 Y=0.134 Z=190.486,0.044718
X=212.090 Y=-0.068 Z=190.439,0.044606
X=212.083 Y=-0.293 Z=190.406,0.043974
X=212.136 Y=-0.482 Z=190.397,0.044623
X=212.224 Y=-0.642 Z=190.444,0.04428
X=212.320 Y=-0.875 Z=190.484,0.04649
X=212.427 Y=-1.108 Z=190.538,0.042758
X=212.549 Y=-1.287 Z=190.573,0.045701
X=212.653 Y=-1.500 Z=190.574,0.042715
X=212.684 Y=-1.738 Z=190.605,0.044629
X=212.731 Y=-1.948 Z=190.583,0.04444
X=212.743 Y=-2.200 Z=190.540,0.045067
X=212.763 Y=-2.402 Z=190.503,0.044207
X=212.808 Y=-2.545 Z=190.483,0.043764
X=212.790 Y=-2.699 Z=190.479,0.045199
X=212.747 Y=-2.851 Z=190.446,0.044523
X=212.742 Y=-3.026 Z=190.432,0.043728
X=212.742 Y=-3.293 Z=190.406,0.04467
X=212.820 Y=-3.652 Z=190.362,0.044821
X=212.859 Y=-4.157 Z=190.398,0.043957
X=213.047 Y=-4.717 Z=190.366,0.045067
X=213.226 Y=-5.192 Z=190.307,0.044624
X=213.413 Y=-5.567 Z=190.207,0.043708
X=213.514 Y=-5.816 Z=190.132,0.045294
X=213.576 Y=-6.007 Z=190.028,0.04465
X=213.481 Y=-6.227 Z=189.947,0.04472
X=213.251 Y=-6.348 Z=189.721,0.042393
X=213.103 Y=-6.442 Z=189.428,0.044328
X=212.944 Y=-6.595 Z=189.258,0.045339
X=212.822 Y=-6.764 Z=189.139,0.043435
X=212.715 Y=-6.890 Z=189.051,0.045898
X=212.555 Y=-6.994 Z=189.010,0.044114
X=212.430 Y=-7.127 Z=188.959,0.043866
X=212.298 Y=-7.273 Z=188.854,0.045177
X=212.273 Y=-7.405 Z=188.761,0.042883
X=212.242 Y=-7.593 Z=188.645,0.045491
X=212.270 Y=-7.733 Z=188.602,0.043432
X=212.288 Y=-7.806 Z=188.587,0.045697
X=212.354 Y=-7.919 Z=188.568,0.04452
X=212.428 Y=-7.987 Z=188.556,0.044268
X=212.449 Y=-8.044 Z=188.585,0.044436
X=212.452 Y=-8.073 Z=188.581,0.045842
X=212.535 Y=-8.149 Z=188.550,0.043235
X=212.568 Y=-8.211 Z=188.537,0.043476
X=212.618 Y=-8.221 Z=188.500,0.045198
X=212.616 Y=-8.242 Z=188.467,0.044712
X=212.630 Y=-8.192 Z=188.474,0.043004
X=212.682 Y=-8.168 Z=188.492,0.045111
X=212.737 Y=-8.086 Z=188.556,0.043916
X=212.717 Y=-7.922 Z=188.595,0.045275
X=212.612 Y=-7.643 Z=188.635,0.045637
X=212.462 Y=-7.338 Z=188.656,0.042441
X=212.300 Y=-6.927 Z=188.679,0.04368
X=212.176 Y=-6.535 Z=188.681,0.045383
X=212.000 Y=-6.001 Z=188.656,0.04305
X=211.781 Y=-5.395 Z=188.620,0.045424
X=211.437 Y=-4.455 Z=188.457,0.045409
X=211.039 Y=-3.146 Z=188.298,0.042535
X=210.925 Y=-2.008 Z=188.339,0.046783
X=210.951 Y=-1.075 Z=188.531,0.041944
X=211.131 Y=-0.396 Z=188.725,0.044208
X=211.342 Y=0.108 Z=188.789,0.045032
X=211.484 Y=0.512 Z=188.839,0.043811
X=211.551 Y=0.860 Z=188.938,0.043608
X=211.579 Y=1.129 Z=188.988,0.045051
X=211.612 Y=1.290 Z=189.006,0.044112
X=211.638 Y=1.468 Z=189.033,0.044426
X=211.613 Y=1.633 Z=189.054,0.05017
X=211.596 Y=1.833 Z=189.093,0.03819
X=211.602 Y=2.037 Z=189.111,0.045277
X=211.612 Y=2.243 Z=189.140,0.045234
X=211.674 Y=2.470 Z=189.182,0.043539
X=211.755 Y=2.660 Z=189.198,0.044181
X=211.767 Y=2.885 Z=189.230,0.043311
X=211.866 Y=3.123 Z=189.286,0.045943
X=211.982 Y=3.381 Z=189.326,0.044913
X=212.090 Y=3.610 Z=189.387,0.043288
X=212.174 Y=3.824 Z=189.445,0.044974
X=212.300 Y=4.047 Z=189.508,0.043804
X=212.473 Y=4.250 Z=189.652,0.043612
X=212.654 Y=4.450 Z=189.757,0.044457
X=212.751 Y=4.685 Z=189.847,0.045007
X=212.773 Y=5.021 Z=189.933,0.044267
X=212.830 Y=5.341 Z=190.024,0.044813
X=212.840 Y=5.611 Z=189.995,0.044948
X=212.876 Y=5.915 Z=189.910,0.044168
X=212.822 Y=6.189 Z=189.892,0.04397
X=212.740 Y=6.436 Z=189.857,0.044149
X=212.703 Y=6.580 Z=189.837,0.045404
X=212.694 Y=6.707 Z=189.895,0.043901
X=212.775 Y=6.862 Z=189.964,0.044156
X=213.041 Y=7.287 Z=190.131,0.044628
X=213.396 Y=7.678 Z=190.243,0.045
X=213.685 Y=8.009 Z=190.292,0.046512
X=214.003 Y=8.261 Z=190.338,0.044865
X=214.305 Y=8.394 Z=190.442,0.04475
X=214.601 Y=8.499 Z=190.510,0.043852
X=214.836 Y=8.545 Z=190.611,0.044683
X=214.992 Y=8.602 Z=190.647,0.044535
X=215.097 Y=8.694 Z=190.657,0.045224
X=215.235 Y=8.801 Z=190.644,0.043183
X=215.435 Y=8.934 Z=190.585,0.045415
X=215.650 Y=9.154 Z=190.516,0.044373
X=215.809 Y=9.336 Z=190.459,0.043856
X=215.892 Y=9.443 Z=190.377,0.044695
X=215.810 Y=9.460 Z=190.311,0.044343
X=215.674 Y=9.336 Z=190.213,0.044405
X=215.442 Y=9.174 Z=190.167,0.044156
X=215.182 Y=8.895 Z=190.114,0.044955
X=214.828 Y=8.530 Z=190.061,0.043624
X=214.408 Y=7.998 Z=190.001,0.045091
X=214.006 Y=7.346 Z=189.900,0.044239
X=213.649 Y=6.748 Z=189.780,0.043948
X=213.419 Y=6.184 Z=189.757,0.045154
X=213.263 Y=5.672 Z=189.695,0.043185
X=213.165 Y=5.270 Z=189.687,0.045622
X=213.161 Y=4.846 Z=189.666,0.042785
X=213.164 Y=4.539 Z=189.726,0.044871
X=213.188 Y=4.257 Z=189.776,0.045022
X=213.192 Y=3.935 Z=189.730,0.044066
X=213.183 Y=3.733 Z=189.659,0.044053
X=213.095 Y=3.493 Z=189.603,0.045329
X=212.965 Y=3.185 Z=189.515,0.043086
X=212.832 Y=2.852 Z=189.457,0.044062
X=212.697 Y=2.588 Z=189.366,0.045692
X=212.530 Y=2.290 Z=189.292,0.044696
X=212.362 Y=1.932 Z=189.189,0.044045
X=212.146 Y=1.446 Z=189.067,0.043754
X=211.917 Y=0.737 Z=189.021,0.045444
X=211.690 Y=-0.263 Z=188.965,0.044675
X=211.578 Y=-1.606 Z=188.886,0.043823
X=211.649 Y=-2.913 Z=188.740,0.045223
X=211.920 Y=-4.149 Z=188.523,0.044824
X=212.460 Y=-5.341 Z=188.266,0.04391
X=213.006 Y=-6.331 Z=188.046,0.046273
X=213.706 Y=-7.174 Z=187.894,0.043045
X=214.325 Y=-7.803 Z=187.779,0.044213
X=214.795 Y=-8.156 Z=187.648,0.045501
X=215.004 Y=-8.320 Z=187.619,0.043177
X=215.092 Y=-8.481 Z=187.562,0.044143
X=215.137 Y=-8.567 Z=187.524,0.045489
X=215.167 Y=-8.670 Z=187.452,0.043619
X=215.273 Y=-8.796 Z=187.416,0.04557
X=215.426 Y=-8.922 Z=187.374,0.043027
X=215.592 Y=-9.047 Z=187.344,0.045211
X=215.785 Y=-9.084 Z=187.354,0.044788
X=215.986 Y=-9.146 Z=187.397,0.043615
X=216.100 Y=-9.138 Z=187.451,0.043559
X=216.176 Y=-9.120 Z=187.503,0.046129
X=216.267 Y=-9.116 Z=187.551,0.043307
X=216.372 Y=-9.140 Z=187.559,0.045815
X=216.449 Y=-9.146 Z=187.537,0.043215
X=216.555 Y=-9.191 Z=187.560,0.044773
X=216.644 Y=-9.206 Z=187.517,0.044689
X=216.764 Y=-9.281 Z=187.532,0.044404
X=216.849 Y=-9.321 Z=187.550,0.044475
X=216.903 Y=-9.379 Z=187.538,0.044005
X=216.940 Y=-9.475 Z=187.502,0.044263
X=216.977 Y=-9.552 Z=187.468,0.044677
X=217.043 Y=-9.660 Z=187.455,0.043709
X=217.102 Y=-9.711 Z=187.438,0.04541
X=217.118 Y=-9.767 Z=187.422,0.043858
X=217.107 Y=-9.873 Z=187.412,0.045927
X=217.061 Y=-9.920 Z=187.381,0.044529
X=217.102 Y=-9.971 Z=187.373,0.044049
X=217.157 Y=-10.052 Z=187.353,0.045474
X=217.152 Y=-10.139 Z=187.348,0.043295
X=217.167 Y=-10.145 Z=187.345,0.045105
X=217.131 Y=-10.232 Z=187.326,0.043771
X=217.111 Y=-10.253 Z=187.296,0.043843
X=217.087 Y=-10.273 Z=187.308,0.043437
X=217.022 Y=-10.256 Z=187.307,0.045427
X=216.955 Y=-10.253 Z=187.330,0.046317
X=216.897 Y=-10.230 Z=187.347,0.042955
X=216.854 Y=-10.222 Z=187.371,0.043614
X=216.776 Y=-10.217 Z=187.376,0.045735
X=216.749 Y=-10.192 Z=187.377,0.04327
X=216.707 Y=-10.172 Z=187.389,0.04475
X=216.641 Y=-10.164 Z=187.411,0.044893
X=216.610 Y=-10.132 Z=187.410,0.04372
X=216.518 Y=-10.069 Z=187.403,0.045102
X=216.483 Y=-9.996 Z=187.409,0.044708
X=216.444 Y=-9.962 Z=187.434,0.044941
X=216.447 Y=-9.935 Z=187.445,0.042895
X=216.453 Y=-9.930 Z=187.436,0.044617
X=216.447 Y=-9.910 Z=187.459,0.046177
X=216.443 Y=-9.912 Z=187.460,0.044299
X=216.451 Y=-9.871 Z=187.475,0.042909
X=216.455 Y=-9.828 Z=187.488,0.044125
X=216.437 Y=-9.775 Z=187.504,0.044064
X=216.396 Y=-9.712 Z=187.508,0.044701
X=216.416 Y=-9.695 Z=187.526,0.044064
X=216.464 Y=-9.644 Z=187.534,0.046136
X=216.500 Y=-9.609 Z=187.547,0.043062
X=216.491 Y=-9.537 Z=187.561,0.045975
X=216.452 Y=-9.520 Z=187.588,0.04363
X=216.424 Y=-9.529 Z=187.590,0.044302
X=216.396 Y=-9.499 Z=187.580,0.046597
X=216.383 Y=-9.488 Z=187.596,0.043042
X=216.394 Y=-9.459 Z=187.588,0.043033
X=216.366 Y=-9.404 Z=187.575,0.045628
X=216.329 Y=-9.348 Z=187.561,0.043315
X=216.315 Y=-9.310 Z=187.555,0.044267
X=216.323 Y=-9.304 Z=187.559,0.045079
X=216.288 Y=-9.269 Z=187.568,0.044483
X=216.292 Y=-9.234 Z=187.576,0.044397
X=216.281 Y=-9.187 Z=187.558,0.044239
X=216.250 Y=-9.162 Z=187.570,0.044234
X=216.267 Y=-9.115 Z=187.585,0.045032
X=216.281 Y=-9.064 Z=187.592,0.043611
X=216.336 Y=-9.021 Z=187.601,0.044122
X=216.382 Y=-8.980 Z=187.617,0.045914
X=216.415 Y=-8.983 Z=187.635,0.043407
X=216.488 Y=-8.950 Z=187.660,0.044821
X=216.538 Y=-8.912 Z=187.699,0.044672
X=216.605 Y=-8.826 Z=187.766,0.044732
X=216.661 Y=-8.757 Z=187.821,0.044288
X=216.546 Y=-8.595 Z=187.895,0.043497
X=216.228 Y=-8.295 Z=188.042,0.046246
X=215.401 Y=-7.725 Z=188.279,0.043131
X=214.296 Y=-6.774 Z=188.356,0.045397
X=213.474 Y=-5.721 Z=188.589,0.043252
X=212.972 Y=-4.744 Z=188.898,0.044829
X=212.588 Y=-3.823 Z=189.164,0.044524
X=212.252 Y=-2.886 Z=189.384,0.043114
X=212.191 Y=-2.047 Z=190.013,0.045109
X=212.328 Y=-1.510 Z=190.468,0.043973
X=212.526 Y=-1.210 Z=190.734,0.045411
X=212.672 Y=-1.070 Z=190.832,0.045307
X=212.784 Y=-0.992 Z=190.940,0.04147
X=212.828 Y=-1.051 Z=190.979,0.044679
X=212.917 Y=-1.061 Z=191.008,0.044566
X=212.997 Y=-1.023 Z=190.989,0.043808
X=213.016 Y=-0.997 Z=190.975,0.043897
X=212.991 Y=-1.016 Z=190.972,0.044371
X=213.017 Y=-0.980 Z=190.940,0.045762
X=212.986 Y=-0.927 Z=190.923,0.044308
X=212.909 Y=-0.847 Z=190.917,0.044683
X=212.855 Y=-0.811 Z=190.885,0.043619
X=212.824 Y=-0.834 Z=190.829,0.044496
X=212.794 Y=-0.912 Z=190.846,0.044382
X=212.771 Y=-0.954 Z=190.918,0.04451
X=212.795 Y=-0.998 Z=190.969,0.044013
X=212.859 Y=-1.011 Z=191.054,0.045057
X=212.900 Y=-1.062 Z=191.218,0.043988
X=212.904 Y=-1.162 Z=191.387,0.043932
X=212.961 Y=-1.307 Z=191.365,0.044968
X=213.061 Y=-1.421 Z=191.358,0.043997
X=213.031 Y=-1.555 Z=191.352,0.045572
X=213.052 Y=-1.682 Z=191.328,0.04419
X=213.060 Y=-1.780 Z=191.329,0.045194
X=213.033 Y=-1.869 Z=191.291,0.044753
X=213.021 Y=-1.950 Z=191.215,0.045751
X=212.926 Y=-1.866 Z=191.188,0.044375
X=212.783 Y=-1.558 Z=191.273,0.044473
X=212.593 Y=-1.256 Z=191.366,0.043744
X=212.514 Y=-1.099 Z=191.399,0.044969
X=212.383 Y=-1.081 Z=191.377,0.043482
X=212.281 Y=-1.177 Z=191.317,0.044634
X=212.242 Y=-1.325 Z=191.272,0.043988
X=212.245 Y=-1.301 Z=191.224,0.045427
X=212.149 Y=-1.188 Z=191.259,0.044219
X=212.077 Y=-1.045 Z=191.320,0.045192
X=212.066 Y=-1.033 Z=191.327,0.043775
X=212.109 Y=-1.180 Z=191.322,0.044127
X=212.189 Y=-1.488 Z=191.309,0.045295
X=212.284 Y=-1.827 Z=191.227,0.043704
X=212.367 Y=-2.143 Z=191.055,0.044085
X=212.427 Y=-2.406 Z=190.894,0.045087
X=212.469 Y=-2.697 Z=190.758,0.044329
X=212.491 Y=-2.989 Z=190.622,0.045077
X=212.586 Y=-3.362 Z=190.490,0.047034
X=212.734 Y=-3.782 Z=190.324,0.042592
X=212.877 Y=-4.237 Z=190.179,0.043195
X=213.022 Y=-4.668 Z=190.029,0.044139
X=213.163 Y=-5.107 Z=189.866,0.044583
X=213.302 Y=-5.508 Z=189.704,0.045042
X=213.370 Y=-5.871 Z=189.584,0.04448
X=213.448 Y=-6.255 Z=189.438,0.043452
X=213.515 Y=-6.618 Z=189.279,0.045455
X=213.533 Y=-6.938 Z=189.110,0.043985
X=213.634 Y=-7.175 Z=188.956,0.044194
X=213.706 Y=-7.397 Z=188.847,0.045439
X=213.796 Y=-7.625 Z=188.744,0.042594
X=213.868 Y=-7.847 Z=188.647,0.045459
X=213.924 Y=-8.025 Z=188.574,0.044391
X=214.044 Y=-8.166 Z=188.513,0.04457
X=214.131 Y=-8.326 Z=188.438,0.044188
X=214.173 Y=-8.471 Z=188.397,0.044397
X=214.217 Y=-8.594 Z=188.365,0.045723
X=214.236 Y=-8.645 Z=188.356,0.044399
X=214.313 Y=-8.686 Z=188.376,0.042882
X=214.343 Y=-8.699 Z=188.335,0.044648
X=214.355 Y=-8.698 Z=188.280,0.04549
X=214.378 Y=-8.733 Z=188.244,0.043753
X=214.398 Y=-8.729 Z=188.209,0.045461
X=214.411 Y=-8.729 Z=188.201,0.0417
X=214.443 Y=-8.699 Z=188.209,0.044404
X=214.460 Y=-8.695 Z=188.199,0.044482
X=214.532 Y=-8.733 Z=188.238,0.04437
X=214.644 Y=-8.751 Z=188.250,0.044661
X=214.660 Y=-8.730 Z=188.270,0.044941
X=214.677 Y=-8.724 Z=188.282,0.043133
X=214.679 Y=-8.747 Z=188.282,0.044807
X=214.700 Y=-8.771 Z=188.270,0.044813
X=214.710 Y=-8.793 Z=188.265,0.04584
X=214.721 Y=-8.851 Z=188.254,0.042947
X=214.722 Y=-8.864 Z=188.253,0.044216
X=214.647 Y=-8.889 Z=188.228,0.044993
X=214.603 Y=-8.853 Z=188.220,0.043937
X=214.512 Y=-8.849 Z=188.204,0.044659
X=214.464 Y=-8.818 Z=188.182,0.044762
X=214.407 Y=-8.839 Z=188.185,0.044273
X=214.348 Y=-8.809 Z=188.163,0.044706
X=214.330 Y=-8.821 Z=188.142,0.043415
X=214.312 Y=-8.781 Z=188.110,0.045473
X=214.231 Y=-8.779 Z=188.063,0.044692
X=214.200 Y=-8.791 Z=188.066,0.043278
X=214.185 Y=-8.749 Z=188.069,0.045555
X=214.155 Y=-8.746 Z=188.070,0.045139
X=214.115 Y=-8.712 Z=188.070,0.045618
X=214.037 Y=-8.613 Z=188.057,0.043623
X=213.974 Y=-8.503 Z=188.043,0.044195
X=213.913 Y=-8.429 Z=188.042,0.044394
X=213.902 Y=-8.419 Z=188.054,0.044525
X=213.906 Y=-8.380 Z=188.049,0.044176
X=213.851 Y=-8.275 Z=188.069,0.043529
X=213.770 Y=-8.132 Z=188.078,0.045011
X=213.692 Y=-8.028 Z=188.101,0.043928
X=213.613 Y=-7.911 Z=188.110,0.04502
X=213.554 Y=-7.794 Z=188.107,0.0451
X=213.473 Y=-7.716 Z=188.120,0.043408
X=213.469 Y=-7.633 Z=188.106,0.044018
X=213.498 Y=-7.610 Z=188.117,0.046186
X=213.530 Y=-7.573 Z=188.116,0.042869
X=213.547 Y=-7.561 Z=188.113,0.044893
X=213.524 Y=-7.493 Z=188.117,0.045549
X=213.529 Y=-7.417 Z=188.099,0.044346
X=213.536 Y=-7.373 Z=188.099,0.043087
X=213.571 Y=-7.392 Z=188.080,0.044643
X=213.575 Y=-7.385 Z=188.078,0.044283
X=213.586 Y=-7.361 Z=188.084,0.044404
X=213.576 Y=-7.353 Z=188.100,0.046067
X=213.528 Y=-7.273 Z=188.106,0.043109
X=213.507 Y=-7.253 Z=188.116,0.04544
X=213.500 Y=-7.223 Z=188.123,0.044786
X=213.514 Y=-7.201 Z=188.144,0.043068
X=213.507 Y=-7.195 Z=188.143,0.044884
X=213.461 Y=-7.210 Z=188.168,0.044605
X=213.456 Y=-7.177 Z=188.186,0.044259
X=213.424 Y=-7.161 Z=188.206,0.044728
X=213.411 Y=-7.152 Z=188.205,0.044081
X=213.415 Y=-7.143 Z=188.227,0.044215
X=213.420 Y=-7.108 Z=188.220,0.044362
X=213.410 Y=-7.061 Z=188.231,0.044277
X=213.378 Y=-7.036 Z=188.236,0.045657
X=213.356 Y=-6.999 Z=188.263,0.044077
X=213.349 Y=-7.004 Z=188.283,0.044439
X=213.375 Y=-6.989 Z=188.285,0.044321
X=213.339 Y=-7.004 Z=188.295,0.044347
X=213.373 Y=-7.019 Z=188.300,0.043589
X=213.388 Y=-7.022 Z=188.282,0.045606
X=213.399 Y=-7.036 Z=188.291,0.044203
X=213.391 Y=-7.032 Z=188.292,0.043361
X=213.437 Y=-7.051 Z=188.289,0.044164
X=213.434 Y=-7.049 Z=188.257,0.045768
X=213.477 Y=-7.117 Z=188.257,0.044541
X=213.479 Y=-7.166 Z=188.238,0.044321
X=213.498 Y=-7.192 Z=188.261,0.04401
X=213.526 Y=-7.232 Z=188.257,0.04436
X=213.541 Y=-7.217 Z=188.234,0.04515
X=213.559 Y=-7.251 Z=188.216,0.042887
X=213.555 Y=-7.241 Z=188.196,0.046427
X=213.509 Y=-7.251 Z=188.203,0.043357
X=213.493 Y=-7.278 Z=188.214,0.045257
X=213.458 Y=-7.245 Z=188.206,0.043897
X=213.439 Y=-7.164 Z=188.206,0.043796
X=213.384 Y=-7.151 Z=188.197,0.044402
X=213.370 Y=-7.168 Z=188.194,0.044074
X=213.336 Y=-7.149 Z=188.193,0.045986
X=213.227 Y=-7.076 Z=188.186,0.043651
X=213.171 Y=-7.053 Z=188.201,0.043838
X=213.114 Y=-7.028 Z=188.211,0.045622
X=213.079 Y=-6.962 Z=188.215,0.042986
X=212.992 Y=-6.919 Z=188.214,0.044904
X=212.914 Y=-6.866 Z=188.212,0.044719
X=212.857 Y=-6.803 Z=188.213,0.044184
X=212.870 Y=-6.769 Z=188.232,0.044085
X=212.877 Y=-6.758 Z=188.236,0.045034
X=212.875 Y=-6.735 Z=188.251,0.044947
X=212.938 Y=-6.699 Z=188.247,0.043833
X=212.967 Y=-6.667 Z=188.290,0.044203
X=213.000 Y=-6.668 Z=188.302,0.045998
X=213.078 Y=-6.667 Z=188.337,0.043363
X=213.168 Y=-6.714 Z=188.346,0.043316
X=213.256 Y=-6.715 Z=188.374,0.045917
X=213.353 Y=-6.672 Z=188.402,0.044643
X=213.463 Y=-6.662 Z=188.423,0.044028
X=213.557 Y=-6.660 Z=188.453,0.044262
X=213.623 Y=-6.723 Z=188.467,0.044923
X=213.707 Y=-6.743 Z=188.472,0.043158
X=213.779 Y=-6.785 Z=188.509,0.044978
X=213.821 Y=-6.831 Z=188.522,0.044789
X=213.868 Y=-6.904 Z=188.534,0.044255
X=213.934 Y=-6.938 Z=188.531,0.044571
X=214.001 Y=-7.000 Z=188.523,0.045682
X=214.011 Y=-7.028 Z=188.514,0.042777
X=214.004 Y=-7.106 Z=188.517,0.044927
X=213.951 Y=-7.185 Z=188.487,0.043727
X=213.908 Y=-7.138 Z=188.469,0.045508
X=213.879 Y=-7.135 Z=188.450,0.043913
X=213.846 Y=-7.149 Z=188.430,0.044815
X=213.821 Y=-7.146 Z=188.420,0.044234
X=213.768 Y=-7.124 Z=188.422,0.044547
X=213.747 Y=-7.120 Z=188.431,0.044653
X=213.732 Y=-7.096 Z=188.425,0.044701
X=213.654 Y=-7.074 Z=188.423,0.04351
X=213.645 Y=-7.039 Z=188.406,0.045613
X=213.609 Y=-7.006 Z=188.412,0.042255
X=213.527 Y=-7.006 Z=188.406,0.045741
X=213.477 Y=-6.959 Z=188.424,0.044153
X=213.437 Y=-6.895 Z=188.441,0.044598
X=213.416 Y=-6.863 Z=188.464,0.045213
X=213.381 Y=-6.852 Z=188.460,0.042962
X=213.333 Y=-6.808 Z=188.464,0.044938
X=213.270 Y=-6.745 Z=188.480,0.046788
X=213.211 Y=-6.686 Z=188.480,0.042776
X=213.219 Y=-6.711 Z=188.502,0.042937
X=213.226 Y=-6.690 Z=188.518,0.045561
X=213.205 Y=-6.663 Z=188.544,0.044843
X=213.219 Y=-6.674 Z=188.564,0.045963
X=213.262 Y=-6.638 Z=188.598,0.041629
X=213.294 Y=-6.637 Z=188.627,0.044662
X=213.282 Y=-6.594 Z=188.645,0.045298
X=213.266 Y=-6.534 Z=188.651,0.043816
X=213.327 Y=-6.505 Z=188.640,0.044714
X=213.337 Y=-6.446 Z=188.667,0.042951
X=213.325 Y=-6.377 Z=188.669,0.045661
X=213.290 Y=-6.278 Z=188.707,0.045485
X=213.291 Y=-6.157 Z=188.708,0.043801
X=213.245 Y=-6.037 Z=188.716,0.044304
X=213.149 Y=-5.909 Z=188.684,0.043192
X=212.998 Y=-5.686 Z=188.700,0.045008
X=212.546 Y=-5.203 Z=188.752,0.044
X=211.786 Y=-4.305 Z=188.656,0.044972
X=211.030 Y=-3.201 Z=188.645,0.044271
X=210.402 Y=-2.236 Z=188.773,0.044627
X=210.107 Y=-1.467 Z=188.984,0.043753
X=209.995 Y=-0.924 Z=189.066,0.044002
X=209.910 Y=-0.456 Z=189.125,0.046111
X=209.876 Y=-0.135 Z=189.188,0.042196
X=209.802 Y=0.179 Z=189.233,0.045548
X=209.745 Y=0.478 Z=189.286,0.043885
X=209.667 Y=0.718 Z=189.299,0.045222
X=209.561 Y=0.882 Z=189.275,0.042973
X=209.447 Y=1.053 Z=189.229,0.044828
X=209.335 Y=1.222 Z=189.193,0.044287
X=209.259 Y=1.404 Z=189.176,0.04469
X=209.197 Y=1.650 Z=189.219,0.044183
X=209.133 Y=1.910 Z=189.269,0.045124
X=209.057 Y=2.174 Z=189.319,0.044288
X=209.029 Y=2.486 Z=189.372,0.044202
X=209.007 Y=2.673 Z=189.393,0.044369
X=209.030 Y=2.903 Z=189.404,0.045224
X=209.048 Y=3.069 Z=189.429,0.043571
X=209.021 Y=3.220 Z=189.448,0.044567
X=209.074 Y=3.339 Z=189.489,0.044905
X=209.142 Y=3.483 Z=189.549,0.044955
X=209.242 Y=3.567 Z=189.609,0.043234
X=209.371 Y=3.627 Z=189.678,0.045286
X=209.436 Y=3.765 Z=189.731,0.044159
X=209.512 Y=3.827 Z=189.786,0.044643
X=209.609 Y=3.887 Z=189.879,0.044578
X=209.711 Y=4.020 Z=189.951,0.043878
X=209.832 Y=4.082 Z=189.998,0.044909
X=209.939 Y=4.209 Z=190.049,0.043554
X=210.011 Y=4.339 Z=190.055,0.046072
X=210.094 Y=4.457 Z=190.085,0.043802
X=210.177 Y=4.611 Z=190.079,0.044206
X=210.248 Y=4.699 Z=190.108,0.045023
X=210.305 Y=4.812 Z=190.118,0.043797
X=210.391 Y=4.925 Z=190.148,0.045551
X=210.511 Y=5.006 Z=190.169,0.044003
X=210.618 Y=5.078 Z=190.055,0.044547
X=210.697 Y=5.192 Z=190.123,0.044025
X=210.792 Y=5.254 Z=190.261,0.043843
X=210.976 Y=5.336 Z=190.414,0.044985
X=211.144 Y=5.389 Z=190.644,0.043768
X=211.341 Y=5.427 Z=190.834,0.046021
X=211.469 Y=5.442 Z=190.904,0.043822
X=211.562 Y=5.430 Z=190.941,0.04375
X=211.626 Y=5.459 Z=190.943,0.045334
X=211.715 Y=5.399 Z=190.922,0.043952
X=211.767 Y=5.381 Z=190.899,0.04522
X=211.807 Y=5.349 Z=190.865,0.046693
X=211.837 Y=5.331 Z=190.847,0.041859
X=211.869 Y=5.298 Z=190.882,0.04455
X=211.922 Y=5.206 Z=190.906,0.044408
X=211.994 Y=5.096 Z=190.915,0.044204
X=211.990 Y=4.946 Z=190.922,0.044209
X=212.015 Y=4.704 Z=190.871,0.044184
X=212.009 Y=4.348 Z=190.811,0.045104
X=211.964 Y=3.927 Z=190.724,0.043879
X=211.928 Y=3.469 Z=190.545,0.045141
X=211.921 Y=2.983 Z=190.377,0.044607
X=211.954 Y=2.473 Z=190.214,0.044025
X=212.045 Y=1.933 Z=190.098,0.044974
X=212.100 Y=1.336 Z=190.010,0.044166
X=212.215 Y=0.706 Z=189.905,0.04435
X=212.397 Y=0.031 Z=189.829,0.044541
X=212.613 Y=-0.612 Z=189.738,0.044998
X=212.817 Y=-1.256 Z=189.660,0.043785
X=213.052 Y=-1.854 Z=189.594,0.044873
X=213.248 Y=-2.373 Z=189.504,0.044686
X=213.406 Y=-2.786 Z=189.409,0.045175
X=213.523 Y=-3.213 Z=189.337,0.043673
X=213.639 Y=-3.581 Z=189.260,0.045664
X=213.729 Y=-3.928 Z=189.182,0.043977
X=213.831 Y=-4.234 Z=189.111,0.043487
X=213.944 Y=-4.599 Z=189.067,0.044402
X=214.031 Y=-4.895 Z=189.019,0.046048
X=214.093 Y=-5.132 Z=188.998,0.042113
X=214.111 Y=-5.363 Z=189.000,0.043521
X=214.056 Y=-5.585 Z=189.010,0.045159
X=213.990 Y=-5.815 Z=189.001,0.044075
X=213.961 Y=-6.031 Z=189.012,0.044886
X=213.869 Y=-6.281 Z=189.032,0.046123
X=213.712 Y=-6.523 Z=189.017,0.045328
X=213.523 Y=-6.699 Z=188.953,0.041237
X=213.350 Y=-6.825 Z=188.884,0.046059
X=213.192 Y=-6.987 Z=188.763,0.042946
X=213.022 Y=-7.090 Z=188.670,0.045468
X=212.900 Y=-7.235 Z=188.562,0.043117
X=212.808 Y=-7.329 Z=188.514,0.045562
X=212.662 Y=-7.378 Z=188.453,0.043607
X=212.615 Y=-7.401 Z=188.430,0.045217
X=212.596 Y=-7.436 Z=188.430,0.044074
X=212.662 Y=-7.529 Z=188.462,0.044692
X=212.784 Y=-7.617 Z=188.512,0.04433
X=212.864 Y=-7.654 Z=188.567,0.044848
X=212.983 Y=-7.689 Z=188.597,0.04344
X=213.139 Y=-7.717 Z=188.590,0.045773
X=213.218 Y=-7.724 Z=188.568,0.043736
X=213.268 Y=-7.725 Z=188.575,0.045242
X=213.322 Y=-7.756 Z=188.594,0.0432
X=213.349 Y=-7.730 Z=188.612,0.045056
X=213.348 Y=-7.694 Z=188.637,0.044837
X=213.363 Y=-7.697 Z=188.667,0.043401
X=213.363 Y=-7.691 Z=188.689,0.04427
X=213.343 Y=-7.604 Z=188.688,0.04469
X=213.255 Y=-7.520 Z=188.651,0.045097
X=213.168 Y=-7.431 Z=188.627,0.043727
X=213.087 Y=-7.312 Z=188.630,0.045108
X=213.005 Y=-7.268 Z=188.653,0.044216
X=212.920 Y=-7.192 Z=188.645,0.043912
X=212.858 Y=-7.103 Z=188.624,0.045119
X=212.888 Y=-7.066 Z=188.614,0.043187
X=212.905 Y=-7.013 Z=188.565,0.04522
X=212.934 Y=-6.966 Z=188.539,0.044605
X=212.980 Y=-6.936 Z=188.541,0.043717
X=213.051 Y=-6.910 Z=188.571,0.044588
X=213.101 Y=-6.870 Z=188.585,0.044464
X=213.111 Y=-6.829 Z=188.586,0.044533
X=213.073 Y=-6.739 Z=188.631,0.044767
X=213.134 Y=-6.698 Z=188.672,0.044368
X=213.208 Y=-6.718 Z=188.653,0.04506
X=213.240 Y=-6.742 Z=188.649,0.045131
X=213.227 Y=-6.686 Z=188.650,0.044224
X=213.220 Y=-6.660 Z=188.659,0.043777
X=213.239 Y=-6.598 Z=188.670,0.044638
X=213.197 Y=-6.567 Z=188.676,0.045106
X=213.179 Y=-6.538 Z=188.675,0.044227
X=213.148 Y=-6.519 Z=188.690,0.044875
X=213.135 Y=-6.525 Z=188.671,0.044201
X=213.103 Y=-6.531 Z=188.658,0.04467
X=213.124 Y=-6.535 Z=188.636,0.044386
X=213.051 Y=-6.498 Z=188.612,0.044395
X=212.980 Y=-6.488 Z=188.600,0.0446
X=212.867 Y=-6.421 Z=188.578,0.044865
X=212.783 Y=-6.390 Z=188.548,0.043669
X=212.681 Y=-6.325 Z=188.530,0.045094
X=212.576 Y=-6.328 Z=188.492,0.044039
X=212.449 Y=-6.297 Z=188.473,0.043854
X=212.301 Y=-6.264 Z=188.418,0.044622
X=212.110 Y=-6.135 Z=188.378,0.045028
X=211.966 Y=-6.035 Z=188.322,0.045257
